Date,Price,Open,High,Low,Vol.,Change %
4/16/2023,101.35,96.75,102.04,95.10,810.00K,4.85%
4/15/2023,96.66,96.36,97.29,94.75,343.20K,0.33%
4/14/2023,96.34,94.17,98.88,93.76,1.04M,2.28%
4/13/2023,94.19,92.07,94.53,91.70,607.45K,2.36%
4/12/2023,92.02,94.29,94.65,90.95,713.64K,-2.35%
4/11/2023,94.23,93.84,96.95,93.18,759.08K,0.47%
4/10/2023,93.79,90.57,94.35,89.86,522.21K,3.53%
4/9/2023,90.59,89.91,91.01,89.15,253.68K,0.76%
4/8/2023,89.91,90.61,91.35,89.32,199.11K,-0.74%
4/7/2023,90.58,90.96,91.47,89.23,301.55K,-0.43%
4/6/2023,90.97,92.59,92.59,89.84,385.57K,-1.83%
4/5/2023,92.67,92.49,94.95,91.19,690.27K,0.15%
4/4/2023,92.53,92.99,93.98,91.59,505.40K,-0.48%
4/3/2023,92.98,92.83,95.77,90.06,909.19K,0.18%
4/2/2023,92.81,92.53,94.55,90.55,641.05K,0.27%
4/1/2023,92.56,89.63,94.09,89.38,687.35K,3.34%
3/31/2023,89.57,89.03,90.22,87.63,489.79K,0.56%
3/30/2023,89.07,91.28,93.26,86.77,751.28K,-2.44%
3/29/2023,91.30,89.20,92.95,88.98,709.00K,2.49%
3/28/2023,89.08,89.23,89.55,85.66,881.91K,-0.16%
3/27/2023,89.22,93.32,93.72,87.80,763.81K,-4.48%
3/26/2023,93.40,91.41,94.79,90.64,588.28K,2.05%
3/25/2023,91.52,93.55,93.97,90.03,685.11K,-2.22%
3/24/2023,93.60,93.60,95.75,89.45,1.33M,-0.09%
3/23/2023,93.68,87.36,94.46,85.60,1.87M,7.37%
3/22/2023,87.25,82.39,88.07,79.41,1.76M,5.85%
3/21/2023,82.43,78.08,83.42,76.88,906.64K,5.65%
3/20/2023,78.02,84.02,84.28,77.78,942.45K,-7.03%
3/19/2023,83.92,83.04,86.18,82.14,612.64K,1.10%
3/18/2023,83.01,85.57,87.85,82.30,990.43K,-2.92%
3/17/2023,85.51,78.85,85.51,78.20,935.08K,8.43%
3/16/2023,78.86,76.41,79.75,75.64,792.54K,3.29%
3/15/2023,76.35,84.00,85.40,75.21,1.32M,-9.11%
3/14/2023,84.00,81.60,88.10,79.24,1.37M,3.12%
3/13/2023,81.46,76.24,82.92,74.61,1.84M,6.87%
3/12/2023,76.22,69.21,76.30,67.44,1.39M,10.11%
3/11/2023,69.22,71.44,73.74,65.10,1.90M,-3.09%
3/10/2023,71.43,76.65,76.81,68.41,1.96M,-6.88%
3/9/2023,76.71,82.69,84.90,75.13,1.10M,-7.31%
3/8/2023,82.76,86.31,86.65,81.70,626.05K,-4.09%
3/7/2023,86.29,87.40,88.94,84.35,642.56K,-1.22%
3/6/2023,87.36,89.92,90.60,86.71,628.92K,-2.86%
3/5/2023,89.93,89.29,91.73,89.19,358.53K,0.66%
3/4/2023,89.34,90.60,90.83,87.56,348.03K,-1.33%
3/3/2023,90.54,95.31,95.42,86.12,934.00K,-5.03%
3/2/2023,95.34,97.77,98.27,93.92,530.73K,-2.57%
3/1/2023,97.85,93.82,98.19,93.64,578.27K,4.33%
2/28/2023,93.79,94.09,95.99,93.10,380.29K,-0.30%
2/27/2023,94.07,95.32,96.07,92.60,390.66K,-1.26%
2/26/2023,95.27,93.16,95.52,92.79,343.66K,2.26%
2/25/2023,93.16,91.59,93.47,90.62,426.38K,1.73%
2/24/2023,91.58,94.60,95.21,90.17,501.50K,-3.17%
2/23/2023,94.58,95.28,96.25,93.36,474.25K,-0.70%
2/22/2023,95.25,93.90,95.50,91.73,693.30K,1.54%
2/21/2023,93.81,95.96,96.76,91.77,739.57K,-2.20%
2/20/2023,95.92,97.44,98.55,94.50,935.35K,-1.72%
2/19/2023,97.60,99.70,101.47,96.95,433.84K,-2.13%
2/18/2023,99.72,100.10,101.86,98.94,434.89K,-0.43%
2/17/2023,100.15,98.63,101.65,98.29,569.62K,1.63%
2/16/2023,98.54,102.76,105.25,98.51,687.33K,-4.19%
2/15/2023,102.85,95.91,102.96,95.06,764.48K,7.37%
2/14/2023,95.79,91.12,95.89,90.35,622.12K,5.18%
2/13/2023,91.07,92.51,94.95,88.36,740.12K,-1.54%
2/12/2023,92.49,94.29,94.57,91.13,306.63K,-1.91%
2/11/2023,94.29,93.34,94.81,92.66,360.04K,0.90%
2/10/2023,93.45,92.03,94.15,91.09,640.82K,1.51%
2/9/2023,92.06,99.33,99.48,90.01,930.28K,-7.22%
2/8/2023,99.22,100.86,102.30,96.94,559.84K,-1.64%
2/7/2023,100.87,95.94,101.46,95.94,672.71K,5.18%
2/6/2023,95.90,96.66,97.95,95.15,371.48K,-0.76%
2/5/2023,96.63,98.50,98.88,94.94,417.62K,-1.87%
2/4/2023,98.47,99.97,101.33,98.25,357.02K,-1.40%
2/3/2023,99.87,98.73,100.73,97.52,570.02K,1.43%
2/2/2023,98.46,100.37,102.11,97.99,729.49K,-1.86%
2/1/2023,100.33,94.07,102.40,93.78,1.33M,6.58%
1/31/2023,94.14,91.38,96.26,91.38,1.05M,3.16%
1/30/2023,91.26,94.88,95.97,89.01,986.47K,-3.82%
1/29/2023,94.88,89.85,97.53,89.83,1.27M,5.81%
1/28/2023,89.67,88.90,89.90,87.16,392.05K,0.85%
1/27/2023,88.91,87.52,89.21,85.82,418.64K,1.52%
1/26/2023,87.58,89.39,89.92,86.90,476.01K,-1.97%
1/25/2023,89.34,87.11,91.86,85.56,529.32K,2.42%
1/24/2023,87.23,89.94,91.28,86.10,499.69K,-2.93%
1/23/2023,89.86,87.56,92.98,87.55,691.22K,2.62%
1/22/2023,87.57,87.95,90.02,86.61,501.90K,-0.34%
1/21/2023,87.87,90.17,91.49,87.87,720.53K,-2.71%
1/20/2023,90.32,84.21,91.04,83.01,757.42K,7.27%
1/19/2023,84.20,82.58,84.50,81.82,484.31K,1.91%
1/18/2023,82.62,87.25,88.36,82.40,935.81K,-5.02%
1/17/2023,86.99,85.90,88.93,84.74,740.82K,1.26%
1/16/2023,85.91,87.37,89.09,84.53,750.06K,-1.70%
1/15/2023,87.40,87.86,88.59,85.51,586.55K,-0.48%
1/14/2023,87.82,86.17,90.91,85.93,1.75M,1.81%
1/13/2023,86.26,86.11,87.78,83.64,891.19K,0.16%
1/12/2023,86.12,83.97,86.13,82.36,1.43M,2.50%
1/11/2023,84.02,80.83,84.96,79.90,968.49K,3.95%
1/10/2023,80.83,81.66,82.84,79.53,848.09K,-0.98%
1/9/2023,81.63,78.64,83.41,78.16,1.18M,4.01%
1/8/2023,78.48,76.41,78.48,75.28,625.89K,2.80%
1/7/2023,76.34,75.92,76.67,75.55,388.94K,0.54%
1/6/2023,75.93,74.24,76.45,72.78,797.96K,2.28%
1/5/2023,74.24,75.46,76.26,73.71,562.35K,-1.55%
1/4/2023,75.41,75.56,77.84,74.50,772.65K,-0.21%
1/3/2023,75.57,74.74,76.33,73.72,725.82K,1.07%
1/2/2023,74.77,70.95,76.55,70.08,1.06M,5.44%
1/1/2023,70.91,70.16,71.43,69.05,497.86K,1.18%
12/31/2022,70.08,67.97,71.03,67.62,563.95K,3.15%
12/30/2022,67.94,66.67,68.44,66.09,476.53K,1.92%
12/29/2022,66.66,66.33,67.24,65.58,498.34K,0.51%
12/28/2022,66.32,68.65,69.45,65.73,693.14K,-3.44%
12/27/2022,68.68,70.77,71.02,67.81,688.64K,-2.95%
12/26/2022,70.77,69.21,70.93,68.63,725.15K,2.31%
12/25/2022,69.17,65.77,69.60,65.39,561.70K,5.19%
12/24/2022,65.76,65.75,66.05,65.07,218.83K,0.03%
12/23/2022,65.74,66.22,66.66,65.00,387.54K,-0.69%
12/22/2022,66.20,65.38,66.70,64.34,505.76K,1.18%
12/21/2022,65.43,65.64,66.78,64.73,573.30K,-0.29%
12/20/2022,65.62,63.33,66.01,63.11,849.77K,3.50%
12/19/2022,63.40,64.46,64.93,61.09,866.19K,-1.54%
12/18/2022,64.39,64.89,65.74,63.17,639.11K,-0.77%
12/17/2022,64.89,66.20,67.59,62.83,1.34M,-2.10%
12/16/2022,66.28,72.38,73.53,65.07,1.16M,-8.42%
12/15/2022,72.37,75.30,75.44,71.90,600.38K,-3.88%
12/14/2022,75.29,77.42,79.08,74.43,911.55K,-2.71%
12/13/2022,77.39,76.22,79.76,74.36,1.02M,1.56%
12/12/2022,76.20,76.46,76.69,73.60,656.12K,-0.46%
12/11/2022,76.55,76.36,78.36,76.29,348.16K,0.24%
12/10/2022,76.37,76.31,77.40,75.76,301.24K,0.08%
12/9/2022,76.31,78.32,78.77,75.94,622.25K,-2.52%
12/8/2022,78.28,76.92,78.72,74.57,911.78K,1.86%
12/7/2022,76.85,79.90,80.38,75.99,864.81K,-3.82%
12/6/2022,79.90,80.21,81.68,77.80,802.74K,-0.35%
12/5/2022,80.18,77.07,83.98,76.86,1.70M,3.95%
12/4/2022,77.13,76.41,77.45,75.80,391.30K,0.86%
12/3/2022,76.47,77.93,78.03,75.44,432.65K,-1.94%
12/2/2022,77.98,77.52,78.06,75.47,581.98K,0.54%
12/1/2022,77.56,79.14,80.52,76.33,968.38K,-2.01%
11/30/2022,79.15,75.80,80.52,75.56,1.11M,4.46%
11/29/2022,75.77,73.97,77.62,73.53,1.21M,2.53%
11/28/2022,73.90,74.89,75.31,70.61,1.47M,-1.36%
11/27/2022,74.92,76.38,79.23,74.43,994.97K,-2.01%
11/26/2022,76.46,74.11,79.50,73.91,1.27M,3.39%
11/25/2022,73.95,78.63,79.15,73.37,1.55M,-6.04%
11/24/2022,78.70,79.04,79.45,75.48,1.70M,-0.37%
11/23/2022,78.99,70.49,81.91,69.66,3.06M,11.87%
11/22/2022,70.61,61.37,71.11,61.22,2.21M,15.11%
11/21/2022,61.34,62.12,63.41,59.58,1.22M,-1.22%
11/20/2022,62.10,63.87,64.63,60.49,739.56K,-2.91%
11/19/2022,63.96,63.60,64.40,62.60,585.82K,2.62%
11/18/2022,62.33,62.96,63.82,61.63,850.90K,0.23%
11/17/2022,62.19,57.84,63.23,57.04,1.09M,9.26%
11/16/2022,56.92,58.01,60.16,56.82,697.99K,-1.95%
11/15/2022,58.05,56.70,59.52,56.50,786.14K,2.53%
11/14/2022,56.62,57.31,59.17,53.61,1.46M,-1.29%
11/13/2022,57.36,59.96,60.29,56.47,585.96K,-4.16%
11/12/2022,59.85,61.62,61.69,58.29,768.92K,-2.60%
11/11/2022,61.45,60.40,64.21,58.58,1.92M,1.60%
11/10/2022,60.48,50.66,61.22,50.08,2.07M,19.48%
11/9/2022,50.62,57.68,59.73,48.00,2.10M,-12.45%
11/8/2022,57.82,67.42,68.59,54.33,2.19M,-14.20%
11/7/2022,67.39,68.28,72.94,66.38,1.39M,-1.27%
11/6/2022,68.26,69.29,70.68,67.63,804.87K,-1.63%
11/5/2022,69.39,67.65,71.72,67.11,1.11M,2.69%
11/4/2022,67.57,61.85,70.21,61.69,1.44M,9.21%
11/3/2022,61.87,60.73,64.54,60.17,1.38M,1.66%
11/2/2022,60.86,55.10,62.37,54.71,2.10M,10.41%
11/1/2022,55.12,55.03,55.90,54.52,350.51K,0.15%
10/31/2022,55.04,55.35,56.40,54.07,474.61K,-0.56%
10/30/2022,55.35,56.59,57.47,54.73,375.73K,-2.24%
10/29/2022,56.62,54.91,57.48,54.70,551.72K,3.10%
10/28/2022,54.92,54.69,55.47,53.54,434.33K,0.35%
10/27/2022,54.73,56.36,56.65,54.55,429.44K,-2.96%
10/26/2022,56.40,55.96,57.56,55.70,516.75K,0.93%
10/25/2022,55.88,52.54,56.80,52.28,560.30K,6.36%
10/24/2022,52.54,54.03,54.20,52.11,349.61K,-2.76%
10/23/2022,54.03,52.19,54.03,51.83,251.14K,3.55%
10/22/2022,52.18,51.66,52.47,51.37,187.50K,1.12%
10/21/2022,51.60,51.20,51.80,49.70,305.42K,0.74%
10/20/2022,51.22,50.94,52.03,50.58,271.49K,0.51%
10/19/2022,50.96,51.86,52.00,50.81,232.71K,-1.77%
10/18/2022,51.88,51.89,52.17,50.75,267.16K,0.12%
10/17/2022,51.82,51.43,52.13,51.07,219.44K,0.80%
10/16/2022,51.41,50.34,51.78,50.33,230.96K,2.02%
10/15/2022,50.39,51.32,51.66,50.32,230.31K,-1.79%
10/14/2022,51.31,51.09,52.57,50.92,320.86K,0.37%
10/13/2022,51.12,52.21,52.50,48.39,598.84K,-2.13%
10/12/2022,52.23,52.03,52.94,51.69,355.75K,0.40%
10/11/2022,52.02,52.58,52.58,51.36,325.90K,-1.10%
10/10/2022,52.60,53.89,54.45,52.50,392.71K,-2.47%
10/9/2022,53.93,52.78,53.98,52.70,197.64K,2.16%
10/8/2022,52.79,52.82,53.53,52.43,244.83K,-0.08%
10/7/2022,52.83,53.52,53.84,52.32,353.96K,-1.31%
10/6/2022,53.53,54.61,55.05,53.37,389.66K,-2.00%
10/5/2022,54.62,55.28,55.28,53.36,340.56K,-1.18%
10/4/2022,55.27,54.17,55.69,53.89,379.54K,2.03%
10/3/2022,54.17,51.81,54.32,51.63,377.55K,4.64%
10/2/2022,51.77,52.90,53.45,51.70,245.70K,-2.15%
10/1/2022,52.91,53.46,53.82,52.53,227.99K,-1.08%
9/30/2022,53.49,53.98,55.07,52.87,417.56K,-0.87%
9/29/2022,53.96,53.30,54.12,52.31,415.48K,1.28%
9/28/2022,53.28,52.67,53.79,51.10,487.00K,1.20%
9/27/2022,52.65,53.44,55.46,51.89,594.09K,-1.46%
9/26/2022,53.43,52.54,53.72,51.91,462.57K,1.73%
9/25/2022,52.52,53.43,54.39,52.29,388.52K,-1.70%
9/24/2022,53.43,55.24,55.80,53.21,477.66K,-3.36%
9/23/2022,55.29,53.61,55.32,51.54,626.03K,3.25%
9/22/2022,53.55,51.09,54.06,50.65,617.84K,4.71%
9/21/2022,51.14,52.30,55.49,50.27,948.41K,-2.22%
9/20/2022,52.30,52.95,53.68,50.88,740.01K,-1.15%
9/19/2022,52.91,52.65,53.70,50.17,1.19M,0.53%
9/18/2022,52.63,57.83,57.83,52.54,524.25K,-8.98%
9/17/2022,57.82,55.94,58.39,55.81,314.15K,3.34%
9/16/2022,55.95,56.38,56.90,54.66,469.34K,-0.67%
9/15/2022,56.33,60.11,60.81,55.87,696.71K,-6.40%
9/14/2022,60.18,59.08,61.10,58.30,753.42K,1.83%
9/13/2022,59.10,61.38,67.38,58.34,1.44M,-3.70%
9/12/2022,61.37,62.14,63.19,60.13,493.54K,-1.35%
9/11/2022,62.21,63.32,64.41,61.46,491.81K,-1.69%
9/10/2022,63.28,61.15,64.62,60.56,643.93K,3.48%
9/9/2022,61.15,57.96,61.92,57.71,640.02K,5.56%
9/8/2022,57.93,57.33,58.56,56.10,526.70K,1.10%
9/7/2022,57.30,54.11,58.29,53.00,791.16K,5.91%
9/6/2022,54.10,60.52,62.65,54.06,893.87K,-10.36%
9/5/2022,60.35,60.91,61.57,59.34,550.15K,-0.90%
9/4/2022,60.90,60.15,60.99,58.62,416.65K,1.26%
9/3/2022,60.14,60.97,62.11,59.56,604.65K,-1.41%
9/2/2022,61.00,57.59,62.19,56.54,970.97K,5.99%
9/1/2022,57.55,53.84,57.77,53.24,746.47K,6.95%
8/31/2022,53.81,53.03,55.24,53.03,440.99K,1.60%
8/30/2022,52.96,55.77,56.15,51.88,505.56K,-5.09%
8/29/2022,55.80,53.40,56.69,52.59,635.79K,4.53%
8/28/2022,53.38,53.01,55.78,52.48,571.90K,0.74%
8/27/2022,52.99,52.68,53.39,51.83,342.67K,0.61%
8/26/2022,52.67,56.62,58.21,52.11,663.98K,-6.99%
8/25/2022,56.63,56.42,57.49,55.83,379.38K,0.46%
8/24/2022,56.37,57.11,57.50,55.57,437.07K,-1.24%
8/23/2022,57.08,57.23,57.68,53.96,562.17K,-0.28%
8/22/2022,57.24,55.65,57.40,52.32,879.86K,2.84%
8/21/2022,55.66,54.10,55.98,53.82,377.19K,2.90%
8/20/2022,54.09,54.06,55.60,52.67,651.73K,0.19%
8/19/2022,53.99,60.02,60.19,53.36,807.38K,-10.00%
8/18/2022,59.99,60.52,61.66,59.41,421.14K,-0.84%
8/17/2022,60.50,61.32,64.69,59.76,718.34K,-1.29%
8/16/2022,61.29,60.63,61.71,60.04,367.32K,0.99%
8/15/2022,60.69,63.19,65.31,59.68,521.28K,-3.87%
8/14/2022,63.13,63.81,65.81,62.49,453.02K,-1.05%
8/13/2022,63.80,62.89,65.61,62.65,502.53K,1.45%
8/12/2022,62.89,61.86,63.06,60.71,361.48K,1.70%
8/11/2022,61.84,61.60,63.35,61.49,451.63K,0.39%
8/10/2022,61.60,59.14,62.26,57.75,683.59K,4.11%
8/9/2022,59.17,62.59,62.85,58.32,467.96K,-5.52%
8/8/2022,62.63,61.07,64.08,60.81,403.94K,2.49%
8/7/2022,61.11,60.83,62.00,59.92,242.43K,0.49%
8/6/2022,60.81,62.47,62.50,60.59,221.94K,-2.67%
8/5/2022,62.48,59.64,62.54,59.64,488.08K,4.71%
8/4/2022,59.67,57.72,60.56,57.62,438.23K,3.32%
8/3/2022,57.75,58.06,60.12,56.71,497.78K,-0.57%
8/2/2022,58.08,59.49,59.81,56.66,499.49K,-2.34%
8/1/2022,59.47,59.68,60.67,58.28,413.42K,-0.50%
7/31/2022,59.77,60.44,62.96,59.67,363.16K,-1.04%
7/30/2022,60.40,60.66,64.05,59.98,571.52K,-0.36%
7/29/2022,60.62,63.41,64.55,59.77,597.98K,-4.49%
7/28/2022,63.47,59.04,64.17,58.18,793.60K,7.58%
7/27/2022,59.00,53.88,59.04,53.02,536.65K,9.42%
7/26/2022,53.92,54.03,54.12,52.02,421.93K,-0.15%
7/25/2022,54.00,58.40,58.91,54.00,479.13K,-7.52%
7/24/2022,58.39,56.32,59.73,56.32,353.09K,3.62%
7/23/2022,56.35,56.09,57.20,54.51,360.05K,0.59%
7/22/2022,56.02,58.02,59.16,55.55,504.39K,-3.48%
7/21/2022,58.04,57.17,58.62,55.23,495.19K,1.52%
7/20/2022,57.17,57.90,61.66,56.45,823.63K,-1.31%
7/19/2022,57.93,58.60,59.47,55.86,648.94K,-1.21%
7/18/2022,58.64,55.75,59.30,55.36,704.58K,5.28%
7/17/2022,55.70,55.15,57.01,54.47,488.42K,1.11%
7/16/2022,55.09,51.77,55.46,51.13,437.14K,6.41%
7/15/2022,51.77,51.30,52.74,50.67,544.24K,0.94%
7/14/2022,51.29,49.52,51.64,47.99,522.08K,3.45%
7/13/2022,49.58,47.37,49.66,46.56,601.88K,4.73%
7/12/2022,47.34,48.59,49.34,47.30,466.30K,-2.79%
7/11/2022,48.70,52.16,52.20,48.33,458.06K,-6.54%
7/10/2022,52.11,54.08,55.04,50.74,793.62K,-3.62%
7/9/2022,54.07,51.34,54.68,51.34,370.00K,5.46%
7/8/2022,51.27,52.23,53.98,50.81,539.00K,-1.57%
7/7/2022,52.09,50.34,52.60,49.80,477.98K,3.46%
7/6/2022,50.35,49.70,51.05,48.99,369.95K,1.19%
7/5/2022,49.76,52.24,52.41,48.02,567.11K,-4.73%
7/4/2022,52.23,50.96,52.38,49.71,428.79K,2.61%
7/3/2022,50.90,50.59,52.03,49.11,319.38K,0.69%
7/2/2022,50.55,51.19,51.62,49.87,395.50K,-1.17%
7/1/2022,51.15,53.87,56.15,50.12,606.26K,-4.98%
6/30/2022,53.83,53.71,53.97,50.22,505.02K,0.37%
6/29/2022,53.63,52.69,54.37,51.41,451.85K,1.76%
6/28/2022,52.70,55.88,56.90,52.59,428.60K,-5.66%
6/27/2022,55.86,56.59,58.60,54.94,397.07K,-1.36%
6/26/2022,56.63,58.90,60.45,56.63,518.61K,-3.80%
6/25/2022,58.87,55.88,59.66,54.66,618.25K,5.45%
6/24/2022,55.83,55.75,57.15,54.52,730.59K,0.20%
6/23/2022,55.72,52.10,56.60,51.96,994.91K,6.97%
6/22/2022,52.09,53.47,53.47,50.49,928.09K,-2.69%
6/21/2022,53.53,52.76,55.65,51.92,1.38M,1.40%
6/20/2022,52.79,54.29,54.62,51.36,1.98M,-2.76%
6/19/2022,54.29,47.17,56.05,44.99,2.45M,15.05%
6/18/2022,47.19,47.61,48.34,41.64,1.91M,-0.94%
6/17/2022,47.64,44.83,48.38,44.46,1.21M,6.41%
6/16/2022,44.77,50.67,51.18,44.06,1.64M,-11.61%
6/15/2022,50.65,46.14,50.89,41.74,2.01M,9.51%
6/14/2022,46.25,43.40,46.45,40.40,1.54M,6.57%
6/13/2022,43.40,47.90,48.30,41.20,1.59M,-9.58%
6/12/2022,48.00,52.20,52.60,47.40,751.02K,-7.87%
6/11/2022,52.10,56.70,57.80,51.80,588.45K,-8.11%
6/10/2022,56.70,60.20,60.40,55.70,505.28K,-5.97%
6/9/2022,60.30,61.40,62.40,59.30,296.46K,-1.79%
6/8/2022,61.40,63.70,64.50,61.20,460.49K,-3.76%
6/7/2022,63.80,64.40,65.50,60.30,493.59K,-0.93%
6/6/2022,64.40,63.20,66.50,62.90,374.77K,1.90%
6/5/2022,63.20,63.80,63.80,61.70,193.58K,-0.78%
6/4/2022,63.70,62.60,64.30,61.40,187.84K,1.76%
6/3/2022,62.60,64.50,64.90,61.50,281.72K,-2.95%
6/2/2022,64.50,62.70,64.80,62.10,374.12K,2.87%
6/1/2022,62.70,68.40,70.50,61.90,632.94K,-8.20%
5/31/2022,68.30,69.10,69.80,66.80,445.11K,-1.01%
5/30/2022,69.00,63.60,69.50,63.30,612.05K,8.49%
5/29/2022,63.60,63.10,64.40,61.80,315.83K,0.95%
5/28/2022,63.00,61.60,64.00,61.30,336.60K,2.44%
5/27/2022,61.50,63.40,64.10,61.00,741.05K,-3.00%
5/26/2022,63.40,68.30,68.80,60.70,730.43K,-7.17%
5/25/2022,68.30,70.30,71.60,68.00,414.06K,-2.71%
5/24/2022,70.20,69.10,70.70,67.00,493.24K,1.74%
5/23/2022,69.00,71.60,74.00,68.40,613.75K,-3.63%
5/22/2022,71.60,69.80,72.50,69.40,291.59K,2.58%
5/21/2022,69.80,68.70,70.70,67.90,273.90K,1.75%
5/20/2022,68.60,72.10,73.40,66.80,755.48K,-4.85%
5/19/2022,72.10,66.10,72.60,64.80,691.12K,9.24%
5/18/2022,66.00,73.00,74.40,65.80,701.68K,-9.84%
5/17/2022,73.20,67.30,73.90,67.10,639.74K,8.93%
5/16/2022,67.20,71.60,71.60,65.00,576.97K,-6.15%
5/15/2022,71.60,68.90,71.70,66.00,507.88K,3.92%
5/14/2022,68.90,68.10,70.30,64.20,556.92K,1.47%
5/13/2022,67.90,64.40,73.20,63.30,1.13M,5.60%
5/12/2022,64.30,66.60,69.70,54.90,2.08M,-3.16%
5/11/2022,66.40,80.20,82.70,64.70,2.16M,-17.10%
5/10/2022,80.10,76.90,84.90,73.50,1.34M,4.98%
5/9/2022,76.30,93.90,94.90,75.80,1.08M,-18.74%
5/8/2022,93.90,94.30,95.70,91.60,441.26K,-0.42%
5/7/2022,94.30,96.60,97.30,92.90,298.04K,-2.58%
5/6/2022,96.80,96.80,98.40,93.10,494.01K,-0.10%
5/5/2022,96.90,106.20,106.90,96.10,587.11K,-8.84%
5/4/2022,106.30,99.30,107.10,99.00,475.28K,6.94%
5/3/2022,99.40,100.70,101.40,97.50,307.96K,-1.29%
5/2/2022,100.70,99.20,101.70,98.30,330.39K,1.51%
5/1/2022,99.20,95.80,100.00,94.60,295.50K,3.44%
4/30/2022,95.90,100.40,101.50,94.00,344.04K,-4.39%
4/29/2022,100.30,103.30,104.30,98.40,394.10K,-3.00%
4/28/2022,103.40,100.60,104.40,99.80,543.89K,2.78%
4/27/2022,100.60,98.40,101.90,97.80,296.02K,2.03%
4/26/2022,98.60,104.60,105.40,96.40,369.94K,-5.65%
4/25/2022,104.50,104.60,104.90,98.80,464.51K,0.00%
4/24/2022,104.50,105.30,105.90,103.70,188.78K,-0.48%
4/23/2022,105.00,105.40,107.20,104.90,151.70K,-0.38%
4/22/2022,105.40,106.70,108.60,105.10,307.21K,-1.40%
4/21/2022,106.90,111.70,114.40,105.60,374.01K,-4.38%
4/20/2022,111.80,113.60,114.10,110.70,317.57K,-1.76%
4/19/2022,113.80,111.30,114.20,110.60,267.78K,2.25%
4/18/2022,111.30,108.70,111.50,105.50,435.19K,2.30%
4/17/2022,108.80,114.50,115.10,108.30,275.69K,-4.81%
4/16/2022,114.30,110.90,114.70,110.20,256.34K,3.07%
4/15/2022,110.90,107.30,112.80,107.10,303.13K,3.26%
4/14/2022,107.40,110.50,112.30,106.10,323.66K,-2.81%
4/13/2022,110.50,104.90,110.80,104.00,389.93K,5.44%
4/12/2022,104.80,102.60,105.80,101.90,298.69K,2.34%
4/11/2022,102.40,110.20,110.70,102.10,439.86K,-7.08%
4/10/2022,110.20,112.70,114.50,110.20,200.78K,-2.30%
4/9/2022,112.80,110.70,112.90,110.00,192.68K,1.90%
4/8/2022,110.70,114.10,115.20,109.90,361.96K,-3.06%
4/7/2022,114.20,111.50,115.00,110.30,302.84K,2.33%
4/6/2022,111.60,122.70,123.00,111.60,609.82K,-9.05%
4/5/2022,122.70,124.80,127.20,122.70,266.70K,-1.68%
4/4/2022,124.80,128.80,128.90,121.20,461.77K,-3.11%
4/3/2022,128.80,124.90,129.50,123.90,303.76K,3.29%
4/2/2022,124.70,124.80,128.30,124.00,446.33K,-0.08%
4/1/2022,124.80,124.10,126.30,119.20,459.33K,0.81%
3/31/2022,123.80,131.00,132.90,121.50,925.29K,-5.50%
3/30/2022,131.00,130.10,134.00,126.00,469.46K,0.77%
3/29/2022,130.00,127.50,132.00,127.20,402.31K,2.12%
3/28/2022,127.30,129.40,132.60,127.30,485.44K,-1.85%
3/27/2022,129.70,124.80,129.70,123.30,360.94K,3.84%
3/26/2022,124.90,123.90,125.50,122.00,222.33K,0.81%
3/25/2022,123.90,126.40,127.30,121.80,389.34K,-2.06%
3/24/2022,126.50,122.50,127.70,120.40,494.29K,3.35%
3/23/2022,122.40,122.70,124.40,118.60,404.12K,-0.24%
3/22/2022,122.70,116.10,123.70,115.60,613.16K,5.68%
3/21/2022,116.10,115.00,116.80,113.20,415.46K,1.04%
3/20/2022,114.90,116.70,118.20,111.50,457.04K,-1.71%
3/19/2022,116.90,111.80,117.10,111.50,454.74K,4.47%
3/18/2022,111.90,110.30,112.90,107.90,39.95M,1.54%
3/17/2022,110.20,111.20,111.60,108.50,34.76M,-1.08%
3/16/2022,111.40,106.90,111.90,105.70,68.13M,4.31%
3/15/2022,106.80,105.50,108.60,102.50,48.10M,1.04%
3/14/2022,105.70,101.60,106.20,100.90,48.11M,3.93%
3/13/2022,101.70,105.40,107.30,101.10,27.99M,-3.60%
3/12/2022,105.50,104.60,108.00,104.60,29.05M,0.86%
3/11/2022,104.60,102.60,106.80,99.90,47.91M,1.95%
3/10/2022,102.60,106.90,107.00,99.90,55.85M,-4.02%
3/9/2022,106.90,100.70,109.20,100.50,58.29M,6.05%
3/8/2022,100.80,98.50,102.40,97.80,49.21M,2.44%
3/7/2022,98.40,101.10,103.80,96.40,51.88M,-2.57%
3/6/2022,101.00,104.80,105.80,100.80,32.29M,-3.72%
3/5/2022,104.90,101.00,105.40,99.70,30.68M,3.76%
3/4/2022,101.10,111.70,112.60,99.10,67.28M,-9.65%
3/3/2022,111.90,110.40,113.00,108.40,638.07K,1.36%
3/2/2022,110.40,112.50,114.60,109.30,513.50K,-1.87%
3/1/2022,112.50,113.70,115.80,110.20,601.71K,-1.14%
2/28/2022,113.80,102.90,113.90,101.40,574.46K,10.59%
2/27/2022,102.90,108.20,110.10,101.30,417.93K,-4.90%
2/26/2022,108.20,109.20,114.20,106.60,456.51K,-0.92%
2/25/2022,109.20,104.10,110.60,101.60,604.58K,4.80%
2/24/2022,104.20,105.30,107.60,91.70,1.29M,-1.14%
2/23/2022,105.40,107.50,111.30,105.00,432.36K,-1.86%
2/22/2022,107.40,103.10,107.70,100.40,537.43K,4.47%
2/21/2022,102.80,110.60,114.50,102.20,631.22K,-7.05%
2/20/2022,110.60,115.60,115.80,108.60,468.29K,-4.33%
2/19/2022,115.60,114.80,117.10,113.00,361.82K,0.61%
2/18/2022,114.90,116.40,122.40,114.30,686.76K,-1.20%
2/17/2022,116.30,127.90,129.00,115.10,536.01K,-8.86%
2/16/2022,127.60,131.60,131.60,125.60,325.28K,-3.11%
2/15/2022,131.70,124.70,132.40,123.90,371.69K,5.78%
2/14/2022,124.50,125.90,126.70,121.50,311.51K,-0.88%
2/13/2022,125.60,126.70,128.80,123.50,261.89K,-0.87%
2/12/2022,126.70,125.40,127.60,121.00,328.69K,0.72%
2/11/2022,125.80,134.50,134.70,124.90,536.48K,-6.54%
2/10/2022,134.60,140.10,143.80,134.30,722.90K,-3.93%
2/9/2022,140.10,133.80,140.90,132.10,615.65K,4.94%
2/8/2022,133.50,137.50,142.80,130.50,974.50K,-2.63%
2/7/2022,137.10,127.60,139.80,125.10,693.51K,7.45%
2/6/2022,127.60,121.80,127.90,120.90,415.09K,4.76%
2/5/2022,121.80,121.20,123.80,118.90,443.14K,0.41%
2/4/2022,121.30,111.00,121.30,108.70,649.31K,9.38%
2/3/2022,110.90,108.30,110.90,105.50,380.78K,2.40%
2/2/2022,108.30,115.10,116.00,107.50,512.24K,-5.91%
2/1/2022,115.10,109.40,116.80,108.30,597.61K,5.21%
1/31/2022,109.40,108.60,111.20,104.40,447.70K,0.74%
1/30/2022,108.60,110.90,112.10,107.00,276.44K,-1.99%
1/29/2022,110.80,109.50,111.90,107.80,345.62K,1.19%
1/28/2022,109.50,106.90,110.00,105.40,465.25K,2.34%
1/27/2022,107.00,106.80,109.50,102.90,563.93K,0.00%
1/26/2022,107.00,107.90,116.50,104.70,774.95K,-0.83%
1/25/2022,107.90,109.50,109.80,105.40,589.31K,-1.46%
1/24/2022,109.50,112.20,112.20,97.90,1.10M,-2.49%
1/23/2022,112.30,108.40,112.60,105.70,588.08K,3.69%
1/22/2022,108.30,114.40,116.90,96.60,1.35M,-5.58%
1/21/2022,114.70,129.70,131.00,110.70,1.02M,-11.63%
1/20/2022,129.80,136.20,142.90,129.00,404.75K,-4.70%
1/19/2022,136.20,141.70,143.00,133.20,437.53K,-3.68%
1/18/2022,141.40,151.30,153.20,138.80,605.40K,-6.42%
1/17/2022,151.10,146.40,153.50,144.20,809.01K,3.21%
1/16/2022,146.40,147.70,148.90,143.30,323.95K,-0.88%
1/15/2022,147.70,144.80,150.50,144.20,461.87K,2.07%
1/14/2022,144.70,136.90,146.30,136.00,588.21K,5.85%
1/13/2022,136.70,141.90,142.20,134.80,462.33K,-3.66%
1/12/2022,141.90,131.50,142.10,130.90,387.74K,7.83%
1/11/2022,131.60,126.50,133.40,125.80,396.30K,4.03%
1/10/2022,126.50,130.80,131.50,121.10,621.00K,-3.29%
1/9/2022,130.80,129.50,132.50,128.00,322.01K,1.08%
1/8/2022,129.40,131.50,134.70,125.30,449.88K,-1.45%
1/7/2022,131.30,136.10,136.40,126.60,734.02K,-3.53%
1/6/2022,136.10,135.40,137.90,132.60,531.59K,0.74%
1/5/2022,135.10,146.50,149.80,130.00,601.80K,-7.84%
1/4/2022,146.60,148.60,151.60,145.60,331.45K,-1.21%
1/3/2022,148.40,151.20,151.20,146.00,290.46K,-1.85%
1/2/2022,151.20,150.90,153.20,147.90,228.38K,0.27%
1/1/2022,150.80,146.30,150.90,146.30,225.23K,3.08%
12/31/2021,146.30,147.80,152.50,143.80,344.87K,-1.15%
12/30/2021,148.00,145.50,149.90,143.00,318.12K,1.79%
12/29/2021,145.40,145.90,150.70,144.20,444.89K,-0.21%
12/28/2021,145.70,155.90,155.90,144.70,679.90K,-6.54%
12/27/2021,155.90,155.80,161.10,154.50,464.11K,0.06%
12/26/2021,155.80,157.80,158.30,153.00,890.80K,-1.20%
12/25/2021,157.70,161.20,163.60,157.70,453.25K,-2.05%
12/24/2021,161.00,163.60,166.70,160.30,411.82K,-1.53%
12/23/2021,163.50,155.40,165.10,153.20,521.21K,5.21%
12/22/2021,155.40,154.70,160.10,153.10,415.29K,0.39%
12/21/2021,154.80,152.90,156.30,149.20,375.36K,1.44%
12/20/2021,152.60,153.20,157.40,145.40,550.93K,-0.46%
12/19/2021,153.30,148.60,160.50,147.60,738.41K,3.09%
12/18/2021,148.70,144.10,150.20,142.90,300.89K,3.19%
12/17/2021,144.10,148.80,150.30,141.50,472.43K,-3.22%
12/16/2021,148.90,153.70,156.40,148.60,434.90K,-3.00%
12/15/2021,153.50,150.30,155.00,141.90,611.77K,1.99%
12/14/2021,150.50,144.60,151.80,143.00,511.72K,4.15%
12/13/2021,144.50,158.90,159.80,142.90,628.20K,-9.18%
12/12/2021,159.10,158.10,162.40,153.30,382.61K,0.95%
12/11/2021,157.60,148.30,159.30,146.00,558.52K,6.20%
12/10/2021,148.40,151.40,159.60,147.90,704.52K,-2.05%
12/9/2021,151.50,165.20,167.10,151.40,648.27K,-8.18%
12/8/2021,165.00,161.90,169.70,156.40,890.45K,1.91%
12/7/2021,161.90,161.50,165.60,158.50,672.33K,0.19%
12/6/2021,161.60,156.30,164.30,141.50,1.10M,3.46%
12/5/2021,156.20,162.70,164.90,148.90,1.08M,-4.11%
12/4/2021,162.90,188.00,189.20,130.30,2.76M,-13.35%
12/3/2021,188.00,203.50,207.50,180.50,824.67K,-7.62%
12/2/2021,203.50,208.70,210.10,200.10,562.33K,-2.54%
12/1/2021,208.80,207.70,217.60,205.60,674.03K,0.48%
11/30/2021,207.80,205.70,218.90,197.50,1.03M,1.07%
11/29/2021,205.60,199.60,209.30,195.40,810.96K,3.01%
11/28/2021,199.60,195.10,199.80,183.50,723.66K,2.25%
11/27/2021,195.20,195.90,200.70,190.80,524.81K,-0.31%
11/26/2021,195.80,223.10,224.70,190.40,1.54M,-12.08%
11/25/2021,222.70,212.30,229.60,210.70,891.65K,4.95%
11/24/2021,212.20,216.20,217.70,206.10,586.49K,-1.94%
11/23/2021,216.40,209.20,218.40,205.60,710.13K,3.49%
11/22/2021,209.10,221.40,221.60,205.60,865.58K,-5.77%
11/21/2021,221.90,226.80,230.10,219.80,698.10K,-2.16%
11/20/2021,226.80,217.90,227.50,213.30,841.26K,4.08%
11/19/2021,217.90,204.20,220.70,199.80,1.04M,6.45%
11/18/2021,204.70,229.60,231.90,200.00,1.69M,-10.92%
11/17/2021,229.80,230.30,235.00,219.30,1.42M,-0.17%
11/16/2021,230.20,263.00,263.00,223.00,2.40M,-12.37%
11/15/2021,262.70,279.50,281.10,259.80,1.16M,-5.98%
11/14/2021,279.40,257.90,279.40,248.80,1.36M,8.42%
11/13/2021,257.70,251.30,263.90,245.40,1.17M,2.63%
11/12/2021,251.10,262.30,282.60,244.10,2.41M,-4.34%
11/11/2021,262.50,260.10,273.90,251.10,1.67M,0.77%
11/10/2021,260.50,262.00,295.10,252.70,3.73M,-0.65%
11/9/2021,262.20,228.80,274.50,227.10,3.26M,14.55%
11/8/2021,228.90,202.20,229.60,202.20,1.38M,13.32%
11/7/2021,202.00,197.60,202.10,197.10,351.38K,2.23%
11/6/2021,197.60,198.90,201.10,191.20,420.64K,-0.70%
11/5/2021,199.00,202.60,203.20,196.70,454.81K,-1.97%
11/4/2021,203.00,207.20,207.20,197.00,592.71K,-2.03%
11/3/2021,207.20,200.80,209.20,197.40,839.92K,3.29%
11/2/2021,200.60,197.60,204.60,195.20,588.84K,1.52%
11/1/2021,197.60,192.00,200.90,188.10,656.10K,2.97%
10/31/2021,191.90,190.40,195.00,186.80,515.27K,0.84%
10/30/2021,190.30,196.80,197.10,187.30,415.36K,-3.11%
10/29/2021,196.40,189.60,198.20,188.30,580.50K,3.48%
10/28/2021,189.80,179.40,194.40,178.00,722.65K,5.92%
10/27/2021,179.20,197.60,204.90,172.60,1.38M,-9.27%
10/26/2021,197.50,195.40,199.30,190.60,571.03K,1.02%
10/25/2021,195.50,190.40,197.30,189.70,435.22K,2.62%
10/24/2021,190.50,196.20,199.50,185.50,568.29K,-2.95%
10/23/2021,196.30,191.00,197.90,189.00,413.15K,2.83%
10/22/2021,190.90,196.80,201.40,188.40,732.04K,-3.00%
10/21/2021,196.80,207.30,214.40,195.90,1.13M,-5.11%
10/20/2021,207.40,188.70,209.20,185.70,1.12M,9.85%
10/19/2021,188.80,185.60,191.40,183.60,598.59K,1.72%
10/18/2021,185.60,183.80,187.40,178.90,592.02K,1.03%
10/17/2021,183.70,186.10,187.90,177.50,475.58K,-1.13%
10/16/2021,185.80,189.70,192.50,185.10,576.54K,-1.95%
10/15/2021,189.50,181.40,192.80,176.40,1.14M,4.93%
10/14/2021,180.60,177.80,185.80,177.00,744.10K,1.75%
10/13/2021,177.50,172.60,179.60,167.80,657.94K,2.90%
10/12/2021,172.50,179.20,179.20,166.60,708.18K,-3.79%
10/11/2021,179.30,174.60,185.10,173.30,679.60K,2.57%
10/10/2021,174.80,179.90,183.80,174.20,560.03K,-2.78%
10/9/2021,179.80,176.00,182.80,174.80,445.76K,2.28%
10/8/2021,175.80,178.60,183.00,174.80,697.48K,-1.51%
10/7/2021,178.50,178.60,186.90,173.50,866.68K,0.06%
10/6/2021,178.40,173.80,182.80,164.10,967.90K,2.65%
10/5/2021,173.80,167.50,175.20,166.70,622.79K,3.76%
10/4/2021,167.50,170.50,170.80,161.50,586.62K,-1.70%
10/3/2021,170.40,169.00,175.00,165.90,437.12K,0.83%
10/2/2021,169.00,166.20,172.60,164.70,427.76K,1.68%
10/1/2021,166.20,153.20,168.10,151.30,701.43K,8.41%
9/30/2021,153.30,144.60,154.30,143.90,505.88K,5.80%
9/29/2021,144.90,140.50,150.20,140.00,505.22K,3.13%
9/28/2021,140.50,145.10,148.80,140.10,551.94K,-3.10%
9/27/2021,145.00,150.60,154.90,145.00,463.38K,-3.85%
9/26/2021,150.80,151.10,153.30,142.10,837.75K,-0.07%
9/25/2021,150.90,152.10,155.80,148.90,622.47K,-0.79%
9/24/2021,152.10,163.80,166.40,141.90,1.24M,-7.14%
9/23/2021,163.80,161.40,164.80,157.30,559.48K,1.42%
9/22/2021,161.50,148.50,161.80,145.40,823.32K,8.90%
9/21/2021,148.30,156.90,162.10,145.00,988.03K,-5.54%
9/20/2021,157.00,175.90,175.90,153.80,1.30M,-10.59%
9/19/2021,175.60,181.30,181.70,172.80,364.83K,-3.25%
9/18/2021,181.50,180.00,184.90,178.00,372.28K,0.95%
9/17/2021,179.80,185.50,190.20,178.10,566.63K,-2.92%
9/16/2021,185.20,189.10,194.80,181.70,935.29K,-2.06%
9/15/2021,189.10,182.80,191.50,179.80,745.79K,3.45%
9/14/2021,182.80,179.50,188.10,176.30,1.09M,1.90%
9/13/2021,179.40,183.10,233.90,171.00,5.44M,-2.07%
9/12/2021,183.20,178.40,186.00,175.20,564.71K,2.63%
9/11/2021,178.50,174.20,186.10,173.40,552.00K,2.53%
9/10/2021,174.10,180.30,187.20,170.80,721.10K,-3.44%
9/9/2021,180.30,179.80,188.60,176.90,896.69K,0.45%
9/8/2021,179.50,178.20,188.50,169.60,1.42M,0.90%
9/7/2021,177.90,219.50,221.70,163.30,2.03M,-18.92%
9/6/2021,219.40,232.30,232.30,215.10,1.00M,-5.55%
9/5/2021,232.30,212.10,232.30,210.50,1.01M,9.73%
9/4/2021,211.70,212.90,224.90,208.70,1.45M,-0.56%
9/3/2021,212.90,183.30,217.70,180.00,2.07M,16.09%
9/2/2021,183.40,180.90,187.90,179.50,683.56K,1.38%
9/1/2021,180.90,171.40,182.60,168.90,692.44K,5.42%
8/31/2021,171.60,167.40,175.30,165.70,553.54K,2.57%
8/30/2021,167.30,174.40,176.20,166.60,468.12K,-4.02%
8/29/2021,174.30,175.50,182.50,173.10,547.39K,-0.68%
8/28/2021,175.50,176.20,177.00,171.40,316.68K,-0.34%
8/27/2021,176.10,167.70,176.10,165.20,455.85K,5.07%
8/26/2021,167.60,177.63,180.11,165.40,568.72K,-5.76%
8/25/2021,177.84,173.33,178.86,169.25,618.10K,2.47%
8/24/2021,173.56,186.81,188.46,172.70,780.57K,-7.29%
8/23/2021,187.21,185.90,191.31,183.80,877.26K,0.69%
8/22/2021,185.92,179.57,189.56,178.65,935.88K,3.57%
8/21/2021,179.52,183.59,184.36,176.81,644.26K,-2.18%
8/20/2021,183.53,175.56,183.98,174.27,708.40K,4.47%
8/19/2021,175.68,166.65,175.68,162.70,682.24K,5.27%
8/18/2021,166.88,168.58,174.42,163.13,695.00K,-1.06%
8/17/2021,168.67,177.95,184.34,168.09,780.75K,-5.27%
8/16/2021,178.05,184.86,188.96,176.67,898.20K,-3.55%
8/15/2021,184.61,183.18,186.41,175.76,948.65K,0.96%
8/14/2021,182.85,183.39,184.96,175.22,944.58K,-0.24%
8/13/2021,183.29,165.45,184.42,164.00,1.12M,10.85%
8/12/2021,165.35,170.57,179.65,160.83,987.37K,-3.19%
8/11/2021,170.80,165.38,176.00,164.31,914.53K,3.29%
8/10/2021,165.36,166.42,168.25,158.81,894.83K,-0.64%
8/9/2021,166.43,149.88,170.70,145.30,1.17M,11.17%
8/8/2021,149.71,155.90,157.54,147.17,700.14K,-4.07%
8/7/2021,156.06,148.01,156.32,147.19,878.57K,5.64%
8/6/2021,147.73,143.61,150.61,141.80,685.94K,2.96%
8/5/2021,143.48,142.67,145.12,136.30,615.05K,0.64%
8/4/2021,142.57,138.49,144.47,135.61,486.49K,2.98%
8/3/2021,138.44,141.27,143.19,135.74,402.80K,-2.07%
8/2/2021,141.37,140.28,145.78,139.05,419.95K,0.71%
8/1/2021,140.38,144.39,149.72,138.66,587.86K,-2.84%
7/31/2021,144.49,145.56,146.49,141.90,385.29K,-0.71%
7/30/2021,145.52,141.43,145.83,135.94,605.84K,2.99%
7/29/2021,141.29,140.14,142.96,136.97,544.09K,0.64%
7/28/2021,140.39,134.72,141.95,132.57,730.00K,4.22%
7/27/2021,134.71,131.04,135.07,127.45,607.09K,2.72%
7/26/2021,131.14,127.71,140.29,126.97,1.05M,2.77%
7/25/2021,127.60,126.75,127.96,123.81,392.96K,1.62%
7/24/2021,125.56,124.50,127.39,123.90,422.39K,1.11%
7/23/2021,124.18,120.69,124.67,117.17,404.03K,2.89%
7/22/2021,120.69,117.57,121.94,115.77,464.78K,2.59%
7/21/2021,117.64,107.21,119.02,105.27,682.15K,9.67%
7/20/2021,107.27,113.13,114.93,103.87,766.19K,-5.08%
7/19/2021,113.01,119.27,120.71,111.92,492.99K,-5.22%
7/18/2021,119.24,119.88,124.00,116.63,430.97K,-0.53%
7/17/2021,119.87,120.59,122.81,117.72,425.86K,-0.68%
7/16/2021,120.69,125.92,127.70,120.52,421.90K,-3.96%
7/15/2021,125.67,131.23,133.07,122.15,494.28K,-4.12%
7/14/2021,131.07,131.55,132.30,124.09,538.92K,-0.26%
7/13/2021,131.41,133.29,134.48,129.64,454.86K,-1.48%
7/12/2021,133.38,134.19,139.71,132.06,670.89K,-0.60%
7/11/2021,134.19,134.32,136.44,132.12,324.99K,0.14%
7/10/2021,134.00,134.42,136.67,130.59,365.87K,-0.31%
7/9/2021,134.42,127.75,135.73,126.39,527.81K,1.64%
7/8/2021,132.25,137.29,137.69,127.92,646.15K,-3.74%
7/7/2021,137.39,138.87,142.89,136.96,520.82K,-0.71%
7/6/2021,138.37,137.75,142.40,136.83,569.84K,0.37%
7/5/2021,137.86,144.80,144.80,136.04,561.80K,-4.86%
7/4/2021,144.90,143.96,147.86,143.81,443.91K,3.49%
7/3/2021,140.02,136.96,140.16,135.26,341.80K,2.32%
7/2/2021,136.84,137.14,137.18,130.87,466.90K,-0.24%
7/1/2021,137.17,144.16,144.16,135.76,539.56K,-4.86%
6/30/2021,144.17,144.43,146.78,137.24,630.02K,0.36%
6/29/2021,143.66,138.21,148.44,138.21,897.64K,4.36%
6/28/2021,137.66,132.38,138.36,130.50,703.68K,3.89%
6/27/2021,132.50,126.56,132.50,126.25,573.36K,4.50%
6/26/2021,126.80,124.78,127.85,120.59,872.09K,1.08%
6/25/2021,125.44,134.69,137.13,125.44,764.05K,-6.71%
6/24/2021,134.46,128.96,136.76,124.56,660.56K,4.25%
6/23/2021,128.98,118.98,130.15,118.98,1.02M,7.98%
6/22/2021,119.45,124.51,130.45,112.78,2.26M,-4.21%
6/21/2021,124.70,155.02,155.02,124.70,1.49M,-19.46%
6/20/2021,154.83,152.48,155.59,146.84,611.34K,1.34%
6/19/2021,152.79,155.99,158.83,152.79,522.85K,-2.21%
6/18/2021,156.24,166.82,166.82,154.05,800.65K,-6.43%
6/17/2021,166.98,166.64,172.60,164.21,559.30K,0.25%
6/16/2021,166.56,175.04,175.54,166.56,761.46K,-4.97%
6/15/2021,175.28,179.88,179.88,173.57,655.75K,-2.62%
6/14/2021,179.99,170.88,179.99,167.91,800.87K,5.31%
6/13/2021,170.91,162.27,170.91,157.87,573.59K,5.75%
6/12/2021,161.62,163.00,163.62,155.83,653.07K,-0.63%
6/11/2021,162.65,168.65,172.14,161.64,928.57K,-3.10%
6/10/2021,167.85,172.77,172.77,165.08,879.03K,-2.58%
6/9/2021,172.29,160.39,172.29,154.89,1.14M,7.31%
6/8/2021,160.56,161.09,161.42,150.27,1.42M,-0.83%
6/7/2021,161.91,176.51,181.34,161.91,1.04M,-8.15%
6/6/2021,176.28,172.96,178.64,172.96,677.22K,1.90%
6/5/2021,173.00,178.57,183.39,171.89,846.15K,-3.18%
6/4/2021,178.69,193.54,193.54,172.43,1.13M,-7.39%
6/3/2021,192.95,186.97,195.16,183.89,1.08M,3.07%
6/2/2021,187.20,182.99,189.06,180.35,976.89K,2.33%
6/1/2021,182.93,188.81,189.95,178.84,1.08M,-2.78%
5/31/2021,188.17,168.68,188.17,165.12,1.24M,10.42%
5/30/2021,170.42,163.68,176.85,157.92,1.12M,4.20%
5/29/2021,163.55,177.33,186.27,159.53,1.55M,-7.67%
5/28/2021,177.14,193.98,193.98,169.65,2.12M,-8.18%
5/27/2021,192.93,198.51,205.74,183.80,1.46M,-2.94%
5/26/2021,198.77,184.32,200.69,184.32,1.54M,8.21%
5/25/2021,183.69,185.21,185.21,171.93,1.98M,-0.23%
5/24/2021,184.12,143.22,184.12,143.22,2.49M,29.21%
5/23/2021,142.50,168.96,173.50,127.99,3.85M,-15.86%
5/22/2021,169.37,179.83,181.91,163.48,1.98M,-5.86%
5/21/2021,179.92,210.58,217.18,172.85,3.00M,-15.04%
5/20/2021,211.77,189.91,222.69,182.03,4.27M,13.86%
5/19/2021,185.99,294.05,294.05,176.54,6.73M,-36.81%
5/18/2021,294.33,282.45,313.44,282.45,2.56M,4.58%
5/17/2021,281.44,296.00,296.00,265.66,2.08M,-5.02%
5/16/2021,296.31,300.80,323.04,281.08,1.69M,-1.12%
5/15/2021,299.66,326.07,330.18,299.66,1.49M,-8.20%
5/14/2021,326.41,316.36,333.54,313.18,1.48M,2.79%
5/13/2021,317.56,313.69,331.33,302.22,2.98M,2.78%
5/12/2021,308.98,377.31,387.19,308.98,2.54M,-18.23%
5/11/2021,377.87,358.36,377.87,348.45,2.03M,5.16%
5/10/2021,359.32,389.55,401.47,350.77,3.83M,-7.38%
5/9/2021,387.96,347.63,387.96,337.89,2.29M,11.80%
5/8/2021,347.02,345.35,351.86,341.04,1.33M,0.38%
5/7/2021,345.71,354.59,365.84,340.08,2.82M,-2.17%
5/6/2021,353.38,356.63,357.40,329.94,2.75M,-0.67%
5/5/2021,355.75,331.32,355.75,330.69,3.75M,14.15%
5/4/2021,311.64,296.12,320.40,276.92,3.88M,5.76%
5/3/2021,294.67,268.64,294.67,268.64,1.43M,9.56%
5/2/2021,268.95,277.31,277.31,267.75,656.44K,-2.83%
5/1/2021,276.79,271.18,276.79,268.71,759.70K,2.13%
4/30/2021,271.01,255.29,271.01,254.77,1.04M,6.10%
4/29/2021,255.43,258.71,258.71,251.46,877.66K,-1.22%
4/28/2021,258.58,261.18,264.29,252.99,1.01M,-0.48%
4/27/2021,259.82,246.54,261.07,246.54,1.11M,5.01%
4/26/2021,247.42,223.31,247.42,223.31,1.24M,10.67%
4/25/2021,223.57,225.81,232.63,216.21,928.52K,-0.60%
4/24/2021,224.93,241.32,241.32,224.69,1.15M,-6.82%
4/23/2021,241.39,252.78,252.78,227.60,2.87M,-4.52%
4/22/2021,252.83,259.12,284.08,252.83,2.86M,-1.93%
4/21/2021,257.80,261.19,274.75,255.78,1.84M,-1.23%
4/20/2021,261.00,262.52,270.61,247.42,2.11M,-0.14%
4/19/2021,261.36,274.43,280.56,253.51,1.97M,-4.27%
4/18/2021,273.02,302.63,302.63,244.40,3.35M,-9.57%
4/17/2021,301.91,308.58,327.13,301.91,2.57M,-2.31%
4/16/2021,309.04,287.02,316.28,276.00,3.15M,8.13%
4/15/2021,285.81,280.09,286.13,270.00,1.41M,2.53%
4/14/2021,278.76,267.56,280.67,264.46,1.99M,4.26%
4/13/2021,267.37,245.08,269.62,245.08,1.93M,9.40%
4/12/2021,244.39,252.72,256.20,243.99,1.37M,-3.14%
4/11/2021,252.31,256.95,259.56,247.44,1.89M,-1.61%
4/10/2021,256.43,221.14,256.43,220.91,1.86M,16.12%
4/9/2021,220.83,226.36,227.18,220.83,689.19K,-2.48%
4/8/2021,226.44,219.10,226.44,219.10,1.07M,3.33%
4/7/2021,219.15,237.56,240.05,216.07,2.26M,-7.48%
4/6/2021,236.87,222.20,241.25,219.26,2.45M,7.14%
4/5/2021,221.08,202.77,221.08,198.88,1.33M,9.31%
4/4/2021,202.25,195.07,202.93,195.07,565.48K,3.58%
4/3/2021,195.26,211.77,215.32,195.26,955.94K,-7.83%
4/2/2021,211.84,203.72,211.84,201.12,942.91K,4.70%
4/1/2021,202.33,197.51,202.99,195.38,876.54K,2.85%
3/31/2021,196.72,195.69,196.72,189.32,698.22K,0.51%
3/30/2021,195.72,194.26,199.31,190.84,932.22K,0.99%
3/29/2021,193.80,184.32,196.35,184.32,904.76K,5.16%
3/28/2021,184.29,184.06,185.52,181.07,380.62K,0.13%
3/27/2021,184.05,183.85,185.46,179.67,475.86K,0.33%
3/26/2021,183.45,171.53,183.45,171.53,721.82K,6.90%
3/25/2021,171.61,175.64,176.60,170.35,957.19K,-2.53%
3/24/2021,176.07,185.83,196.79,176.07,1.19M,-5.44%
3/23/2021,186.19,185.65,188.18,182.56,638.93K,0.25%
3/22/2021,185.72,195.81,197.13,185.72,726.25K,-4.93%
3/21/2021,195.35,200.16,200.63,193.65,581.84K,-2.24%
3/20/2021,199.82,200.19,204.33,199.82,473.42K,-0.12%
3/19/2021,200.06,199.97,202.97,199.86,536.73K,0.16%
3/18/2021,199.74,206.77,207.21,199.74,776.25K,-3.01%
3/17/2021,205.93,201.70,205.93,195.20,885.68K,2.12%
3/16/2021,201.65,200.89,203.58,196.71,1.06M,0.53%
3/15/2021,200.59,214.82,219.89,200.59,1.41M,-6.37%
3/14/2021,214.24,225.83,225.83,214.24,805.33K,-5.34%
3/13/2021,226.32,220.99,228.36,215.78,1.33M,2.59%
3/12/2021,220.61,202.28,221.84,202.28,2.08M,9.55%
3/11/2021,201.37,200.29,201.84,192.56,981.52K,0.45%
3/10/2021,200.46,204.63,206.85,194.56,1.42M,-1.60%
3/9/2021,203.72,192.51,203.72,190.40,1.28M,6.26%
3/8/2021,191.71,190.84,193.17,182.43,1.17M,0.55%
3/7/2021,190.67,183.37,190.67,183.37,819.53K,4.40%
3/6/2021,182.64,180.33,183.30,177.90,936.73K,1.21%
3/5/2021,180.45,180.61,180.90,170.04,1.18M,-0.04%
3/4/2021,180.53,187.59,192.16,180.12,1.49M,-3.98%
3/3/2021,188.02,178.15,194.56,178.15,1.87M,5.19%
3/2/2021,178.74,175.95,182.10,172.02,1.44M,1.57%
3/1/2021,175.97,165.48,175.97,163.79,1.22M,6.55%
2/28/2021,165.15,171.72,171.72,156.99,1.68M,-3.84%
2/27/2021,171.74,170.29,177.06,170.29,1.11M,1.01%
2/26/2021,170.02,179.10,179.10,162.87,2.18M,-5.33%
2/25/2021,179.60,181.34,200.91,177.28,1.96M,-0.99%
2/24/2021,181.39,177.82,188.67,177.09,1.83M,2.12%
2/23/2021,177.62,208.31,208.31,165.02,3.67M,-14.61%
2/22/2021,208.01,227.10,227.10,201.31,2.56M,-8.45%
2/21/2021,227.22,226.61,231.44,223.56,1.27M,0.02%
2/20/2021,227.18,237.25,245.06,227.18,1.70M,-3.95%
2/19/2021,236.53,227.86,241.45,223.13,1.40M,4.34%
2/18/2021,226.69,237.67,238.01,226.25,1.58M,-4.39%
2/17/2021,237.11,223.48,237.11,222.95,1.84M,387.08%
9/13/2020,48.68,50.80,51.02,48.68,545.03K,-4.17%
9/12/2020,50.80,48.95,51.00,48.67,452.36K,3.78%
9/11/2020,48.95,48.65,48.95,48.01,367.15K,0.55%
9/10/2020,48.68,47.87,49.05,47.87,475.21K,1.76%
9/9/2020,47.84,47.44,48.56,46.74,378.95K,0.82%
9/8/2020,47.45,48.88,48.88,46.66,759.91K,-2.85%
9/7/2020,48.84,47.92,48.84,45.39,826.65K,2.01%
9/6/2020,47.88,47.75,48.79,47.44,653.87K,0.17%
9/5/2020,47.80,50.37,50.37,47.03,1.35M,-5.12%
9/4/2020,50.38,47.31,51.11,46.97,1.48M,6.29%
9/3/2020,47.40,58.00,58.00,47.40,1.32M,-18.36%
9/2/2020,58.06,62.68,62.85,57.85,934.04K,-7.37%
9/1/2020,62.68,61.01,63.75,60.53,972.58K,2.89%
8/31/2020,60.92,63.00,63.00,60.72,680.20K,-3.09%
8/30/2020,62.86,56.94,62.86,56.94,839.21K,10.36%
8/29/2020,56.96,57.40,57.81,56.96,408.19K,-0.70%
8/28/2020,57.36,56.17,57.99,56.17,644.93K,2.25%
8/27/2020,56.10,58.13,58.48,55.27,975.87K,-3.44%
8/26/2020,58.10,58.31,58.60,57.18,663.39K,-0.34%
8/25/2020,58.30,62.06,62.06,56.85,1.17M,-6.03%
8/24/2020,62.04,60.58,62.40,60.28,687.32K,2.53%
8/23/2020,60.51,60.27,61.40,58.42,629.72K,0.48%
8/22/2020,60.22,59.19,60.32,58.55,735.65K,1.95%
8/21/2020,59.07,62.79,62.98,59.07,1.05M,-5.91%
8/20/2020,62.78,62.14,63.10,61.42,868.20K,1.27%
8/19/2020,61.99,65.40,65.64,60.10,1.70M,-5.34%
8/18/2020,65.49,67.18,67.80,65.45,1.56M,-2.54%
8/17/2020,67.20,63.95,68.18,62.87,1.79M,5.18%
8/16/2020,63.89,59.83,63.89,59.83,1.58M,6.73%
8/15/2020,59.86,56.92,60.28,56.92,1.14M,5.42%
8/14/2020,56.78,57.21,57.63,56.11,728.29K,-0.54%
8/13/2020,57.09,54.53,57.09,53.28,837.49K,4.91%
8/12/2020,54.42,54.11,54.73,53.53,644.39K,0.48%
8/11/2020,54.16,58.27,58.65,53.55,887.51K,-7.05%
8/10/2020,58.27,56.98,58.45,56.98,651.67K,2.32%
8/9/2020,56.95,58.53,58.53,56.49,369.31K,-2.58%
8/8/2020,58.46,57.09,58.46,56.91,428.02K,2.26%
8/7/2020,57.17,59.02,60.22,57.03,898.05K,-3.18%
8/6/2020,59.05,58.88,60.24,58.15,822.49K,0.32%
8/5/2020,58.86,57.70,59.35,57.35,716.10K,2.17%
8/4/2020,57.61,58.48,59.23,57.18,625.61K,-1.49%
8/3/2020,58.48,56.78,59.63,56.78,824.89K,3.05%
8/2/2020,56.75,61.62,63.91,56.52,1.81M,-7.95%
8/1/2020,61.65,58.26,61.65,58.26,1.21M,6.04%
7/31/2020,58.14,56.86,58.48,56.09,656.37K,2.56%
7/30/2020,56.69,54.40,57.34,54.40,1.02M,2.70%
7/29/2020,55.20,55.81,56.10,55.20,820.95K,-1.04%
7/28/2020,55.78,53.31,56.95,53.12,1.52M,4.61%
7/27/2020,53.32,48.09,54.20,47.79,1.50M,10.85%
7/26/2020,48.10,49.07,50.71,48.10,895.76K,-2.16%
7/25/2020,49.16,44.15,49.16,44.15,908.34K,11.45%
7/24/2020,44.11,44.90,44.90,44.11,246.80K,-1.83%
7/23/2020,44.93,44.99,45.34,44.67,432.53K,-0.13%
7/22/2020,44.99,43.74,44.99,43.46,335.63K,2.74%
7/21/2020,43.79,41.92,43.89,41.92,314.42K,4.41%
7/20/2020,41.94,42.68,42.68,41.92,180.28K,-1.66%
7/19/2020,42.65,42.46,42.65,42.12,195.43K,0.47%
7/18/2020,42.45,41.86,42.73,41.81,171.48K,1.34%
7/17/2020,41.89,42.09,42.13,41.89,201.90K,-0.48%
7/16/2020,42.09,43.35,43.37,41.70,389.79K,-2.84%
7/15/2020,43.32,43.87,43.87,43.20,216.88K,-1.23%
7/14/2020,43.86,43.88,43.99,43.32,246.96K,-0.14%
7/13/2020,43.92,44.78,45.40,43.89,445.13K,-1.83%
7/12/2020,44.74,44.71,44.99,44.17,245.53K,0.11%
7/11/2020,44.69,44.32,44.69,44.06,186.31K,0.93%
7/10/2020,44.28,44.33,44.53,43.82,256.74K,-0.11%
7/9/2020,44.33,45.39,45.70,43.88,413.27K,-2.16%
7/8/2020,45.31,43.42,45.34,43.28,537.29K,4.42%
7/7/2020,43.39,44.02,44.02,43.16,307.77K,-1.48%
7/6/2020,44.04,41.65,44.04,41.65,369.49K,5.74%
7/5/2020,41.65,42.10,42.19,41.09,234.02K,-1.09%
7/4/2020,42.11,41.12,42.18,41.08,239.31K,2.31%
7/3/2020,41.16,41.03,41.70,40.91,190.26K,0.34%
7/2/2020,41.02,41.78,41.88,40.35,274.51K,-1.82%
7/1/2020,41.78,41.13,42.00,40.99,189.82K,1.51%
6/30/2020,41.16,41.92,42.04,40.80,170.76K,-1.70%
6/29/2020,41.87,41.37,42.26,40.61,323.51K,1.16%
6/28/2020,41.39,41.05,42.03,40.50,169.07K,0.80%
6/27/2020,41.06,43.09,43.10,39.40,301.37K,-4.71%
6/26/2020,43.09,42.33,43.52,41.38,348.40K,1.72%
6/25/2020,42.36,42.65,42.98,41.72,246.29K,-0.70%
6/24/2020,42.66,44.17,44.64,42.25,356.81K,-3.44%
6/23/2020,44.18,44.33,44.48,43.91,219.44K,-0.29%
6/22/2020,44.31,43.00,44.65,42.95,281.74K,3.05%
6/21/2020,43.00,43.64,43.82,42.93,159.66K,-1.31%
6/20/2020,43.57,42.82,43.84,42.42,202.43K,1.59%
6/19/2020,42.89,43.38,43.65,42.74,304.86K,-1.29%
6/18/2020,43.45,44.08,44.21,42.90,193.51K,-1.41%
6/17/2020,44.07,43.92,44.95,43.03,324.89K,0.41%
6/16/2020,43.89,43.74,44.17,43.39,215.56K,0.37%
6/15/2020,43.73,44.02,44.08,41.87,355.28K,-0.73%
6/14/2020,44.05,45.10,45.10,43.62,170.08K,-2.31%
6/13/2020,45.09,44.71,45.19,44.31,151.58K,0.85%
6/12/2020,44.71,43.22,45.31,42.84,237.91K,3.26%
6/11/2020,43.30,46.67,46.86,42.16,537.68K,-7.14%
6/10/2020,46.63,45.89,47.07,45.68,319.61K,1.63%
6/9/2020,45.88,46.48,46.76,45.42,219.75K,-1.10%
6/8/2020,46.39,46.64,46.77,45.96,220.40K,-0.49%
6/7/2020,46.62,46.79,46.96,45.24,306.22K,-0.36%
6/6/2020,46.79,46.60,47.17,46.23,226.47K,-0.04%
6/5/2020,46.81,47.46,47.94,46.64,400.97K,-1.39%
6/4/2020,47.47,47.17,48.09,46.37,471.87K,0.68%
6/3/2020,47.15,45.99,47.46,45.44,427.97K,2.37%
6/2/2020,46.06,48.25,49.95,44.67,921.07K,-4.54%
6/1/2020,48.25,45.59,48.79,45.37,598.79K,5.81%
5/31/2020,45.60,47.80,47.80,45.22,494.16K,-4.40%
5/30/2020,47.70,44.48,47.87,44.19,589.98K,7.22%
5/29/2020,44.49,44.76,45.25,44.19,298.90K,-0.56%
5/28/2020,44.74,43.84,44.87,43.20,291.23K,2.08%
5/27/2020,43.83,42.27,44.00,42.24,282.79K,3.69%
5/26/2020,42.27,42.94,43.06,41.81,218.68K,-1.65%
5/25/2020,42.98,42.06,43.31,41.83,251.77K,1.87%
5/24/2020,42.19,43.79,44.54,42.19,359.47K,-3.83%
5/23/2020,43.87,44.25,44.73,43.68,237.49K,-0.81%
5/22/2020,44.23,42.71,44.65,42.40,398.44K,3.58%
5/21/2020,42.70,44.23,44.60,41.78,504.67K,-3.46%
5/20/2020,44.23,45.71,46.12,43.38,546.35K,-3.22%
5/19/2020,45.70,45.34,45.79,44.13,375.87K,0.84%
5/18/2020,45.32,43.71,46.51,43.66,694.37K,3.75%
5/17/2020,43.68,43.24,44.45,43.10,344.60K,0.92%
5/16/2020,43.28,42.77,43.84,42.52,435.94K,1.29%
5/15/2020,42.73,43.96,44.13,42.09,469.17K,-2.82%
5/14/2020,43.97,43.20,44.32,42.37,507.16K,1.83%
5/13/2020,43.18,42.11,43.73,41.96,404.51K,2.37%
5/12/2020,42.18,41.49,42.78,41.32,601.03K,1.47%
5/11/2020,41.57,42.15,42.87,39.57,953.82K,-1.26%
5/10/2020,42.10,46.95,46.95,39.41,1.40M,-10.37%
5/9/2020,46.97,47.68,49.10,46.90,656.20K,-1.59%
5/8/2020,47.73,47.40,48.41,46.37,631.88K,0.76%
5/7/2020,47.37,44.80,48.14,44.48,796.11K,5.24%
5/6/2020,45.01,46.54,47.51,44.81,465.86K,-3.41%
5/5/2020,46.60,47.00,47.74,45.76,414.79K,-0.77%
5/4/2020,46.96,48.09,48.15,45.19,693.37K,-2.39%
5/3/2020,48.11,49.18,49.95,46.87,566.88K,-2.22%
5/2/2020,49.20,46.94,49.53,46.73,409.07K,4.53%
5/1/2020,47.07,46.31,48.19,46.31,500.03K,1.53%
4/30/2020,46.36,48.75,50.77,45.70,1.40M,-4.92%
4/29/2020,48.76,45.80,49.80,45.68,1.20M,6.67%
4/28/2020,45.71,44.49,46.11,43.43,589.91K,2.77%
4/27/2020,44.48,44.57,45.18,43.29,443.56K,-0.07%
4/26/2020,44.51,44.32,45.29,43.83,485.59K,0.32%
4/25/2020,44.37,44.55,45.55,43.90,555.61K,-0.25%
4/24/2020,44.48,42.95,44.98,42.86,623.64K,3.51%
4/23/2020,42.97,41.82,43.90,40.99,640.14K,2.77%
4/22/2020,41.81,40.56,42.25,40.29,463.09K,2.98%
4/21/2020,40.60,40.20,41.31,40.02,346.86K,0.84%
4/20/2020,40.26,42.21,43.20,39.66,543.59K,-4.66%
4/19/2020,42.23,44.17,44.27,41.80,456.20K,-4.26%
4/18/2020,44.11,42.17,44.38,42.04,497.22K,4.58%
4/17/2020,42.18,42.57,42.99,41.64,407.07K,-0.87%
4/16/2020,42.55,39.10,43.68,37.96,913.07K,8.46%
4/15/2020,39.23,41.13,41.72,39.15,460.36K,-4.80%
4/14/2020,41.21,41.29,41.84,40.52,420.84K,-0.02%
4/13/2020,41.22,41.96,41.96,39.72,744.94K,-1.93%
4/12/2020,42.03,42.56,43.57,41.84,498.55K,-1.18%
4/11/2020,42.53,42.28,43.11,41.44,382.33K,0.64%
4/10/2020,42.26,46.21,46.38,40.89,785.34K,-8.69%
4/9/2020,46.28,46.42,46.84,44.71,400.87K,-0.58%
4/8/2020,46.55,44.79,47.19,44.30,500.06K,3.93%
4/7/2020,44.79,45.03,47.61,43.82,808.57K,-0.53%
4/6/2020,45.03,40.31,45.03,40.31,721.14K,11.65%
4/5/2020,40.33,40.74,40.98,39.89,231.04K,-0.93%
4/4/2020,40.71,40.42,41.03,39.99,362.58K,0.57%
4/3/2020,40.48,39.87,41.22,39.64,463.45K,1.45%
4/2/2020,39.90,39.30,42.57,39.02,701.66K,1.76%
4/1/2020,39.21,39.11,39.39,37.18,489.80K,0.33%
3/31/2020,39.08,38.82,39.30,38.44,378.43K,0.46%
3/30/2020,38.90,37.26,39.55,37.11,432.75K,4.82%
3/29/2020,37.11,38.95,39.11,37.01,402.08K,-4.43%
3/28/2020,38.83,37.90,39.40,36.64,624.34K,2.13%
3/27/2020,38.02,40.44,41.07,37.94,481.71K,-5.87%
3/26/2020,40.39,39.38,40.45,38.48,415.57K,3.11%
3/25/2020,39.17,40.48,40.89,38.19,577.41K,-3.43%
3/24/2020,40.56,38.95,40.88,38.26,593.69K,4.19%
3/23/2020,38.93,35.31,39.79,35.00,860.02K,9.88%
3/22/2020,35.43,38.24,39.68,35.04,714.40K,-7.57%
3/21/2020,38.33,38.11,39.69,36.39,667.29K,0.66%
3/20/2020,38.08,39.02,43.45,34.14,1.57M,-2.18%
3/19/2020,38.93,34.84,40.70,34.04,1.34M,12.16%
3/18/2020,34.71,34.25,34.78,32.41,1.04M,1.43%
3/17/2020,34.22,33.23,35.76,32.46,945.28K,3.48%
3/16/2020,33.07,36.38,36.38,29.40,1.62M,-9.17%
3/15/2020,36.41,34.40,38.57,34.05,1.04M,5.75%
3/14/2020,34.43,37.51,37.64,33.90,1.18M,-8.11%
3/13/2020,37.47,30.60,39.80,24.00,3.44M,25.78%
3/12/2020,29.79,48.63,48.74,28.83,2.24M,-38.60%
3/11/2020,48.52,50.26,50.73,45.61,800.09K,-3.33%
3/10/2020,50.19,50.40,51.35,49.08,728.48K,-0.61%
3/9/2020,50.50,51.19,52.24,46.72,1.43M,-0.96%
3/8/2020,50.99,60.32,60.32,50.69,944.99K,-15.69%
3/7/2020,60.48,63.34,63.84,60.02,444.27K,-4.32%
3/6/2020,63.21,61.95,63.76,61.29,469.53K,1.85%
3/5/2020,62.06,60.37,63.20,60.37,557.06K,2.82%
3/4/2020,60.36,61.11,61.77,58.93,424.29K,-1.07%
3/3/2020,61.01,61.39,62.36,59.57,640.94K,-0.67%
3/2/2020,61.42,57.66,62.21,57.30,661.07K,6.35%
3/1/2020,57.75,58.02,60.24,56.25,634.06K,-0.59%
2/29/2020,58.09,60.03,61.57,58.02,506.91K,-2.99%
2/28/2020,59.88,61.79,63.31,57.00,1.07M,-2.95%
2/27/2020,61.70,60.40,64.92,57.29,1.11M,2.07%
2/26/2020,60.45,70.99,72.12,57.80,1.52M,-14.92%
2/25/2020,71.05,75.66,76.01,69.88,777.95K,-6.01%
2/24/2020,75.59,79.54,79.67,71.85,936.84K,-5.19%
2/23/2020,79.73,74.73,79.90,74.70,665.53K,6.61%
2/22/2020,74.79,73.23,76.71,72.34,651.49K,2.09%
2/21/2020,73.26,69.44,75.18,68.58,627.14K,5.53%
2/20/2020,69.42,70.56,72.24,66.14,731.35K,-1.82%
2/19/2020,70.71,77.12,79.01,68.18,543.85K,-8.36%
2/18/2020,77.16,73.55,78.86,70.19,713.63K,5.27%
2/17/2020,73.30,74.38,75.45,68.63,738.24K,-1.99%
2/16/2020,74.79,76.61,80.72,67.93,998.21K,-2.54%
2/15/2020,76.74,83.20,83.47,75.16,704.59K,-7.70%
2/14/2020,83.14,80.55,83.78,78.73,523.51K,3.11%
2/13/2020,80.63,81.15,84.19,77.16,1.05M,-0.62%
2/12/2020,81.13,76.57,82.70,76.57,771.58K,6.08%
2/11/2020,76.48,74.01,77.33,72.64,556.96K,3.35%
2/10/2020,74.00,76.98,77.41,72.34,709.81K,-3.91%
2/9/2020,77.01,76.53,78.38,75.09,475.69K,0.47%
2/8/2020,76.65,74.32,77.80,71.63,647.82K,3.18%
2/7/2020,74.29,73.63,75.42,72.96,542.43K,0.98%
2/6/2020,73.57,72.60,75.02,70.96,715.18K,1.36%
2/5/2020,72.58,68.06,73.40,67.65,646.78K,6.59%
2/4/2020,68.09,69.63,70.41,66.68,487.05K,-2.28%
2/3/2020,69.68,69.86,72.87,68.63,689.24K,-0.51%
2/2/2020,70.04,70.68,73.33,67.83,818.33K,-0.96%
2/1/2020,70.72,68.18,72.66,67.67,952.97K,3.92%
1/31/2020,68.05,67.95,69.76,65.62,938.21K,0.06%
1/30/2020,68.01,59.81,70.15,58.32,1.29M,13.77%
1/29/2020,59.78,60.67,62.42,59.40,570.11K,-1.24%
1/28/2020,60.53,58.57,61.59,57.53,720.27K,3.36%
1/27/2020,58.56,56.26,59.56,55.96,504.62K,4.13%
1/26/2020,56.24,52.95,56.45,52.89,348.38K,5.62%
1/25/2020,53.25,54.41,54.41,52.34,282.00K,-2.08%
1/24/2020,54.38,54.61,55.39,50.75,550.94K,-0.11%
1/23/2020,54.44,58.37,58.38,52.58,464.84K,-6.68%
1/22/2020,58.34,57.64,59.16,57.19,218.63K,1.34%
1/21/2020,57.57,57.27,58.09,56.00,216.54K,0.66%
1/20/2020,57.19,57.59,58.20,55.89,262.34K,-0.88%
1/19/2020,57.70,59.20,62.34,55.52,531.19K,-2.73%
1/18/2020,59.32,61.05,62.36,58.09,498.61K,-2.91%
1/17/2020,61.10,57.58,63.20,56.78,767.57K,5.93%
1/16/2020,57.68,58.29,58.50,54.83,477.76K,-0.89%
1/15/2020,58.20,57.72,60.23,55.36,720.90K,-0.53%
1/14/2020,58.51,49.58,60.72,49.58,1.23M,17.99%
1/13/2020,49.59,51.39,51.39,48.97,384.39K,-3.37%
1/12/2020,51.32,49.26,51.40,48.87,532.32K,3.76%
1/11/2020,49.46,49.06,51.92,47.95,681.49K,0.84%
1/10/2020,49.05,44.75,49.60,43.79,729.55K,9.56%
1/9/2020,44.77,45.31,45.79,43.95,296.22K,-1.28%
1/8/2020,45.35,46.30,48.45,44.35,628.29K,-2.16%
1/7/2020,46.35,45.85,46.69,44.55,493.57K,1.22%
1/6/2020,45.79,43.29,45.98,43.16,384.90K,5.65%
1/5/2020,43.34,42.85,44.52,42.62,292.07K,1.31%
1/4/2020,42.78,42.23,42.86,41.80,249.10K,1.40%
1/3/2020,42.19,39.41,42.24,38.84,426.51K,7.00%
1/2/2020,39.43,41.62,41.74,39.31,194.48K,-5.26%
1/1/2020,41.62,41.25,42.07,41.16,110.05K,0.77%
12/31/2019,41.30,42.32,42.96,41.02,201.55K,-2.55%
12/30/2019,42.38,43.07,44.11,41.82,298.64K,-1.69%
12/29/2019,43.11,42.83,43.69,42.19,337.19K,0.68%
12/28/2019,42.82,40.95,43.73,40.91,284.18K,4.57%
12/27/2019,40.95,39.99,41.37,39.75,219.21K,2.35%
12/26/2019,40.01,40.08,41.64,39.64,198.48K,-0.22%
12/25/2019,40.10,40.32,40.44,39.52,136.39K,-0.59%
12/24/2019,40.34,40.58,41.10,39.73,212.09K,-0.71%
12/23/2019,40.63,41.85,42.63,40.22,288.59K,-2.78%
12/22/2019,41.79,39.67,42.11,39.63,208.75K,5.29%
12/21/2019,39.69,40.14,40.18,39.50,91.78K,-1.19%
12/20/2019,40.17,39.73,40.37,39.25,151.52K,1.29%
12/19/2019,39.66,40.83,41.07,39.14,240.52K,-2.79%
12/18/2019,40.80,36.94,41.44,35.92,668.14K,10.39%
12/17/2019,36.96,39.96,40.11,36.22,648.89K,-7.58%
12/16/2019,39.99,43.44,43.56,39.12,396.85K,-7.94%
12/15/2019,43.44,43.26,43.90,42.92,105.02K,0.42%
12/14/2019,43.26,44.44,44.64,43.19,121.59K,-2.61%
12/13/2019,44.42,43.67,44.54,43.47,127.94K,1.76%
12/12/2019,43.65,43.93,44.09,42.97,170.07K,-0.11%
12/11/2019,43.70,44.09,44.40,43.31,134.28K,-0.88%
12/10/2019,44.09,44.47,44.57,43.62,152.99K,-0.83%
12/9/2019,44.46,45.54,45.87,44.12,219.79K,-2.37%
12/8/2019,45.54,45.13,46.13,44.83,131.70K,0.86%
12/7/2019,45.15,45.31,46.06,44.96,195.26K,-0.27%
12/6/2019,45.27,44.78,45.40,44.07,273.50K,1.03%
12/5/2019,44.81,44.59,45.18,43.74,444.88K,0.29%
12/4/2019,44.68,44.71,46.74,43.87,555.29K,-0.16%
12/3/2019,44.75,45.44,46.11,44.45,323.94K,-1.54%
12/2/2019,45.45,47.54,47.55,44.77,302.49K,-4.19%
12/1/2019,47.44,47.17,48.29,45.56,313.49K,0.49%
11/30/2019,47.21,48.51,48.75,46.71,271.11K,-2.78%
11/29/2019,48.56,46.78,49.25,46.74,301.64K,3.78%
11/28/2019,46.79,47.74,47.98,46.29,268.05K,-1.87%
11/27/2019,47.68,46.89,48.64,44.63,455.92K,1.64%
11/26/2019,46.91,45.46,47.30,45.27,311.50K,2.94%
11/25/2019,45.57,43.80,47.35,42.13,571.91K,3.95%
11/24/2019,43.84,48.11,48.24,43.68,419.51K,-8.82%
11/23/2019,48.08,47.32,48.50,46.21,301.74K,1.52%
11/22/2019,47.36,50.61,51.53,43.75,924.65K,-6.46%
11/21/2019,50.63,54.97,55.29,49.04,442.67K,-7.91%
11/20/2019,54.98,55.11,56.08,54.61,224.54K,-0.27%
11/19/2019,55.13,55.75,56.20,54.37,245.06K,-1.25%
11/18/2019,55.83,59.20,59.28,54.02,297.48K,-5.64%
11/17/2019,59.17,58.31,59.90,57.68,189.96K,1.54%
11/16/2019,58.27,57.60,58.96,57.16,135.65K,1.16%
11/15/2019,57.60,59.02,60.71,56.49,333.59K,-2.42%
11/14/2019,59.03,60.95,61.06,58.45,289.42K,-3.12%
11/13/2019,60.93,61.48,61.92,60.41,175.70K,-0.75%
11/12/2019,61.39,61.82,62.22,59.78,299.76K,-0.66%
11/11/2019,61.80,63.65,64.32,60.81,409.08K,-2.95%
11/10/2019,63.68,62.04,65.48,61.46,437.89K,2.64%
11/9/2019,62.04,60.35,62.35,60.19,196.43K,2.65%
11/8/2019,60.44,61.40,62.46,59.00,347.38K,-1.56%
11/7/2019,61.40,64.23,64.24,60.55,327.51K,-4.23%
11/6/2019,64.11,63.14,64.16,62.61,334.74K,1.52%
11/5/2019,63.15,61.25,64.02,61.03,527.08K,3.09%
11/4/2019,61.26,58.43,62.19,57.90,410.40K,5.11%
11/3/2019,58.28,58.26,58.72,57.22,140.66K,0.05%
11/2/2019,58.25,58.28,59.12,57.76,150.65K,0.03%
11/1/2019,58.23,58.29,58.75,56.79,221.22K,-0.05%
10/31/2019,58.26,57.89,59.41,57.11,269.20K,0.67%
10/30/2019,57.87,59.75,61.00,56.98,341.44K,-3.13%
10/29/2019,59.74,57.66,60.63,57.66,401.59K,3.46%
10/28/2019,57.74,59.85,62.47,57.49,539.84K,-3.36%
10/27/2019,59.75,56.72,62.74,55.67,661.11K,5.36%
10/26/2019,56.71,57.15,63.13,54.23,1.04M,-0.46%
10/25/2019,56.97,49.65,58.66,49.04,762.02K,14.97%
10/24/2019,49.55,49.44,50.18,48.32,308.34K,0.02%
10/23/2019,49.54,53.36,53.43,47.39,509.28K,-7.14%
10/22/2019,53.35,54.58,55.09,53.09,160.51K,-2.40%
10/21/2019,54.66,54.85,55.62,53.75,207.91K,-0.33%
10/20/2019,54.84,53.72,55.42,52.67,208.37K,2.05%
10/19/2019,53.74,53.22,54.10,52.66,152.62K,1.03%
10/18/2019,53.19,54.93,55.01,52.35,213.52K,-3.17%
10/17/2019,54.93,52.46,55.21,51.62,238.53K,4.69%
10/16/2019,52.47,54.56,55.32,51.37,299.52K,-3.87%
10/15/2019,54.58,56.83,57.34,53.53,332.56K,-3.94%
10/14/2019,56.82,56.44,57.10,56.05,133.32K,0.62%
10/13/2019,56.47,55.65,57.60,55.53,157.77K,1.35%
10/12/2019,55.72,55.83,56.50,55.51,101.78K,-0.23%
10/11/2019,55.85,57.49,58.34,55.42,266.80K,-2.84%
10/10/2019,57.48,59.14,59.31,57.06,215.02K,-2.81%
10/9/2019,59.14,56.91,59.97,56.60,344.66K,3.75%
10/8/2019,57.00,57.50,58.41,56.51,183.59K,-0.84%
10/7/2019,57.48,54.43,58.63,53.29,314.71K,5.64%
10/6/2019,54.41,56.71,56.76,53.06,259.83K,-4.00%
10/5/2019,56.68,56.30,57.35,55.61,177.57K,0.69%
10/4/2019,56.29,56.44,57.39,55.40,247.85K,-0.18%
10/3/2019,56.39,56.27,57.00,53.86,252.92K,0.28%
10/2/2019,56.23,55.63,56.63,55.19,215.62K,1.13%
10/1/2019,55.60,56.02,57.55,54.88,333.74K,-0.70%
9/30/2019,55.99,53.82,56.18,52.65,369.53K,3.99%
9/29/2019,53.84,55.43,55.55,52.44,227.56K,-2.71%
9/28/2019,55.34,55.86,56.11,53.80,258.79K,-0.98%
9/27/2019,55.89,55.19,56.61,52.91,390.36K,1.36%
9/26/2019,55.14,57.44,57.50,50.58,629.96K,-3.95%
9/25/2019,57.41,54.79,58.23,53.50,783.16K,5.24%
9/24/2019,54.55,66.49,67.42,54.42,987.75K,-17.85%
9/23/2019,66.40,72.23,74.07,62.45,527.47K,-8.11%
9/22/2019,72.26,73.22,73.22,71.15,219.32K,-1.26%
9/21/2019,73.18,75.06,75.51,72.16,211.64K,-2.56%
9/20/2019,75.10,76.65,76.84,73.20,286.43K,-2.01%
9/19/2019,76.64,77.74,77.74,72.80,516.34K,-1.43%
9/18/2019,77.75,74.09,79.98,74.09,463.24K,4.95%
9/17/2019,74.08,72.67,77.53,72.17,331.93K,1.90%
9/16/2019,72.70,70.04,73.61,69.53,267.61K,3.83%
9/15/2019,70.02,70.55,71.26,69.61,123.16K,-0.68%
9/14/2019,70.50,69.07,71.12,68.21,179.33K,2.37%
9/13/2019,68.87,69.15,69.56,67.49,156.38K,-0.40%
9/12/2019,69.15,69.84,70.00,68.33,135.68K,-0.93%
9/11/2019,69.80,70.79,71.46,68.37,209.03K,-1.48%
9/10/2019,70.85,69.86,72.97,69.86,315.59K,1.37%
9/9/2019,69.89,70.34,71.18,68.04,229.29K,-0.78%
9/8/2019,70.44,68.83,71.37,68.62,315.05K,2.40%
9/7/2019,68.79,64.99,70.44,64.57,305.59K,5.98%
9/6/2019,64.91,65.22,67.95,63.98,278.53K,-0.48%
9/5/2019,65.22,67.04,67.34,64.21,166.56K,-2.67%
9/4/2019,67.01,69.09,69.21,66.55,219.50K,-2.84%
9/3/2019,68.97,66.95,70.93,66.48,286.16K,3.03%
9/2/2019,66.94,65.82,67.78,65.01,211.23K,1.53%
9/1/2019,65.93,64.24,67.17,63.93,159.80K,2.63%
8/31/2019,64.24,64.18,65.27,62.31,148.11K,0.11%
8/30/2019,64.17,63.56,65.51,62.21,188.68K,1.06%
8/29/2019,63.50,66.74,66.77,62.05,206.20K,-4.90%
8/28/2019,66.77,72.90,72.90,65.00,295.89K,-8.40%
8/27/2019,72.89,73.52,73.67,72.16,92.73K,-0.90%
8/26/2019,73.55,72.19,75.19,72.18,186.99K,1.93%
8/25/2019,72.16,73.33,74.85,70.64,143.26K,-1.53%
8/24/2019,73.28,75.42,75.54,71.71,119.87K,-2.79%
8/23/2019,75.38,73.32,75.82,72.32,138.55K,2.71%
8/22/2019,73.39,73.18,74.56,71.03,159.58K,0.37%
8/21/2019,73.12,75.10,75.31,70.19,188.75K,-2.56%
8/20/2019,75.04,77.18,77.26,73.53,131.83K,-2.66%
8/19/2019,77.09,76.27,78.92,75.57,176.50K,1.02%
8/18/2019,76.31,72.65,77.95,71.41,171.77K,4.99%
8/17/2019,72.68,74.76,75.30,71.50,131.04K,-2.67%
8/16/2019,74.67,76.22,76.35,72.47,186.82K,-2.12%
8/15/2019,76.29,75.90,77.55,74.51,157.85K,0.66%
8/14/2019,75.79,84.77,86.26,75.02,310.85K,-10.74%
8/13/2019,84.91,85.75,86.53,83.39,166.77K,-1.03%
8/12/2019,85.79,89.89,89.89,85.50,148.29K,-4.94%
8/11/2019,90.25,85.46,91.53,85.41,194.55K,5.60%
8/10/2019,85.46,84.48,87.48,82.65,243.82K,1.42%
8/9/2019,84.26,90.23,90.36,82.67,245.85K,-6.58%
8/8/2019,90.19,90.64,91.70,88.11,227.25K,-0.35%
8/7/2019,90.51,93.00,94.07,87.56,298.28K,-2.69%
8/6/2019,93.01,96.36,99.16,91.14,370.22K,-3.65%
8/5/2019,96.53,92.68,106.47,92.68,708.02K,4.23%
8/4/2019,92.61,94.06,94.72,90.63,210.05K,-1.66%
8/3/2019,94.17,94.84,96.61,93.60,187.52K,-0.61%
8/2/2019,94.75,98.65,98.74,92.56,284.82K,-3.91%
8/1/2019,98.61,98.91,100.39,95.76,256.62K,-0.15%
7/31/2019,98.76,90.11,99.88,89.89,280.44K,9.53%
7/30/2019,90.17,90.40,92.34,88.71,166.87K,-0.31%
7/29/2019,90.45,90.03,91.84,87.86,234.03K,0.76%
7/28/2019,89.77,88.80,90.75,84.15,200.73K,1.02%
7/27/2019,88.86,93.92,95.80,87.28,250.88K,-5.45%
7/26/2019,93.98,93.19,94.42,90.24,169.16K,0.86%
7/25/2019,93.18,94.28,96.55,91.87,228.46K,-1.26%
7/24/2019,94.37,90.04,97.00,87.27,355.86K,4.55%
7/23/2019,90.26,95.31,95.31,88.77,264.45K,-5.30%
7/22/2019,95.31,99.77,100.81,91.41,318.58K,-4.31%
7/21/2019,99.60,100.23,101.38,96.56,247.19K,-0.64%
7/20/2019,100.24,98.43,105.57,97.50,355.88K,2.05%
7/19/2019,98.23,100.82,101.12,95.13,366.65K,-2.90%
7/18/2019,101.16,90.02,103.78,86.96,609.97K,12.50%
7/17/2019,89.92,79.68,94.21,77.06,610.94K,13.25%
7/16/2019,79.40,90.50,91.84,76.70,483.60K,-12.16%
7/15/2019,90.39,89.72,92.61,84.66,382.57K,0.69%
7/14/2019,89.77,101.17,101.86,87.96,429.55K,-11.24%
7/13/2019,101.14,104.94,104.99,97.84,229.49K,-3.44%
7/12/2019,104.74,103.00,106.24,100.75,204.84K,1.67%
7/11/2019,103.02,108.24,108.24,95.50,566.90K,-4.87%
7/10/2019,108.29,119.24,120.08,102.70,507.83K,-9.15%
7/9/2019,119.20,122.96,124.05,117.71,233.44K,-3.18%
7/8/2019,123.11,119.60,125.05,117.86,218.73K,3.04%
7/7/2019,119.48,118.28,120.27,117.02,142.38K,0.97%
7/6/2019,118.33,118.31,121.65,117.23,153.93K,-0.02%
7/5/2019,118.35,119.54,120.88,116.35,223.66K,-1.13%
7/4/2019,119.70,121.47,126.65,118.57,375.49K,-1.56%
7/3/2019,121.60,118.75,123.11,117.20,364.58K,2.43%
7/2/2019,118.71,123.19,123.90,112.71,469.54K,-3.61%
7/1/2019,123.16,123.42,126.92,113.85,612.56K,0.11%
6/30/2019,123.02,133.90,137.04,120.92,808.37K,-8.12%
6/29/2019,133.89,119.85,136.61,116.50,651.11K,11.57%
6/28/2019,120.01,116.02,121.86,114.79,455.24K,3.47%
6/27/2019,115.99,132.07,133.24,112.10,932.15K,-12.26%
6/26/2019,132.19,136.28,138.34,127.98,659.17K,-3.01%
6/25/2019,136.29,135.85,138.59,130.23,343.07K,0.45%
6/24/2019,135.68,137.46,137.46,132.91,269.08K,-1.33%
6/23/2019,137.51,142.20,143.28,136.42,273.14K,-3.39%
6/22/2019,142.33,138.18,145.70,136.25,670.26K,2.91%
6/21/2019,138.31,135.49,140.98,135.49,391.97K,2.12%
6/20/2019,135.44,136.38,136.67,133.31,236.86K,-0.62%
6/19/2019,136.28,135.22,139.42,133.65,374.19K,0.84%
6/18/2019,135.14,133.78,136.62,128.23,400.71K,1.03%
6/17/2019,133.76,136.52,136.74,131.82,302.81K,-2.00%
6/16/2019,136.49,137.54,137.97,133.29,392.55K,-0.76%
6/15/2019,137.53,132.10,139.30,132.10,389.90K,4.17%
6/14/2019,132.02,130.54,132.56,125.51,460.28K,1.07%
6/13/2019,130.62,135.32,136.30,128.14,477.23K,-3.47%
6/12/2019,135.31,135.85,142.57,130.20,1.02M,-0.27%
6/11/2019,135.68,129.19,138.53,125.31,836.06K,5.02%
6/10/2019,129.19,114.43,130.05,112.62,792.63K,12.64%
6/9/2019,114.69,118.13,118.90,111.58,425.28K,-2.84%
6/8/2019,118.04,116.68,119.56,113.68,454.69K,1.04%
6/7/2019,116.82,111.58,120.76,109.59,619.75K,5.08%
6/6/2019,111.17,103.31,112.04,101.06,488.73K,7.24%
6/5/2019,103.66,102.31,105.11,100.12,379.96K,1.37%
6/4/2019,102.26,105.67,106.71,98.41,674.06K,-3.57%
6/3/2019,106.05,114.43,116.08,105.15,441.27K,-7.29%
6/2/2019,114.39,112.37,116.30,111.33,234.28K,1.74%
6/1/2019,112.43,114.58,116.16,111.03,318.74K,-1.87%
5/31/2019,114.57,107.74,114.83,104.58,487.31K,6.31%
5/30/2019,107.77,115.05,120.13,102.55,708.63K,-6.03%
5/29/2019,114.69,114.81,118.09,109.15,359.60K,-0.04%
5/28/2019,114.74,116.49,118.00,111.34,401.11K,-1.64%
5/27/2019,116.65,111.04,121.53,110.29,871.14K,4.96%
5/26/2019,111.14,102.60,113.96,98.80,658.33K,8.23%
5/25/2019,102.69,100.53,104.86,98.91,520.17K,2.18%
5/24/2019,100.50,88.72,103.46,88.01,832.99K,13.43%
5/23/2019,88.60,87.72,89.46,84.70,208.33K,0.99%
5/22/2019,87.73,90.74,91.91,86.00,308.41K,-3.37%
5/21/2019,90.79,91.11,92.84,88.98,335.54K,-0.32%
5/20/2019,91.08,94.47,94.47,87.40,447.77K,-3.73%
5/19/2019,94.61,86.46,96.77,86.14,584.62K,9.31%
5/18/2019,86.55,89.81,90.43,85.23,380.57K,-3.40%
5/17/2019,89.60,95.32,97.33,84.43,911.86K,-6.07%
5/16/2019,95.39,101.87,107.02,91.01,1.18M,-6.55%
5/15/2019,102.08,91.15,103.97,89.80,673.02K,11.99%
5/14/2019,91.15,87.41,93.44,86.83,644.35K,4.24%
5/13/2019,87.44,84.71,92.20,84.29,627.12K,3.28%
5/12/2019,84.66,86.08,93.79,83.16,798.06K,-2.34%
5/11/2019,86.69,77.18,94.92,77.18,908.89K,12.42%
5/10/2019,77.11,74.19,79.42,72.68,422.92K,3.95%
5/9/2019,74.18,74.46,75.87,72.82,240.57K,-0.30%
5/8/2019,74.40,74.62,75.28,72.48,206.14K,-0.35%
5/7/2019,74.66,74.98,78.41,73.73,357.44K,-0.29%
5/6/2019,74.88,75.70,76.82,71.75,389.54K,-1.00%
5/5/2019,75.64,77.83,78.00,75.47,236.88K,-2.74%
5/4/2019,77.77,79.26,82.57,74.84,457.00K,-1.87%
5/3/2019,79.25,73.68,80.16,73.38,538.63K,7.50%
5/2/2019,73.72,73.37,74.38,72.76,289.58K,0.49%
5/1/2019,73.36,74.24,75.28,71.91,273.83K,-1.12%
4/30/2019,74.19,68.01,74.64,67.97,354.63K,9.38%
4/29/2019,67.83,69.75,70.33,66.68,203.48K,-2.98%
4/28/2019,69.91,72.32,72.65,69.12,218.64K,-3.16%
4/27/2019,72.19,73.77,74.00,71.90,102.54K,-2.21%
4/26/2019,73.82,71.78,76.28,70.46,345.02K,2.83%
4/25/2019,71.79,72.84,74.36,70.61,307.27K,-1.50%
4/24/2019,72.88,73.59,74.68,70.20,466.76K,-0.84%
4/23/2019,73.50,76.45,79.04,73.50,408.16K,-3.82%
4/22/2019,76.42,76.66,77.47,74.94,285.78K,-0.20%
4/21/2019,76.57,81.16,81.52,73.14,405.38K,-5.63%
4/20/2019,81.14,82.11,82.62,79.60,209.48K,-1.12%
4/19/2019,82.06,81.68,83.11,79.74,265.37K,0.50%
4/18/2019,81.65,78.77,83.21,78.74,328.49K,3.66%
4/17/2019,78.77,80.26,81.35,78.10,232.36K,-1.94%
4/16/2019,80.33,78.03,81.36,77.20,295.15K,2.70%
4/15/2019,78.22,83.36,84.25,75.11,437.90K,-6.04%
4/14/2019,83.25,77.56,83.40,76.10,242.24K,7.25%
4/13/2019,77.62,78.39,80.99,75.63,276.71K,-1.08%
4/12/2019,78.47,78.92,80.42,75.00,351.36K,-0.52%
4/11/2019,78.88,88.09,88.40,74.66,663.82K,-10.47%
4/10/2019,88.10,86.07,90.91,85.98,316.62K,2.32%
4/9/2019,86.10,88.53,88.68,82.80,316.97K,-2.79%
4/8/2019,88.57,91.47,93.62,85.38,439.91K,-3.27%
4/7/2019,91.56,92.16,95.34,89.05,404.79K,-0.69%
4/6/2019,92.20,88.19,97.43,85.19,706.65K,4.51%
4/5/2019,88.22,84.77,89.60,84.28,366.65K,4.16%
4/4/2019,84.70,85.00,89.37,80.41,775.71K,-0.34%
4/3/2019,84.99,76.81,98.06,76.42,1.51M,10.84%
4/2/2019,76.68,60.45,78.21,60.16,805.47K,26.85%
4/1/2019,60.45,60.44,60.89,60.14,129.46K,-0.07%
3/31/2019,60.49,60.52,60.72,59.86,119.96K,0.07%
3/30/2019,60.45,61.44,61.51,59.90,161.30K,-1.53%
3/29/2019,61.39,60.47,61.66,60.17,200.39K,1.47%
3/28/2019,60.50,61.44,61.44,60.19,161.28K,-1.66%
3/27/2019,61.52,58.76,61.75,58.58,261.19K,4.66%
3/26/2019,58.78,59.13,59.32,57.37,175.09K,-0.37%
3/25/2019,59.00,59.81,60.58,58.26,216.77K,-1.40%
3/24/2019,59.84,60.89,60.89,58.97,361.05K,-1.68%
3/23/2019,60.86,59.24,61.56,58.94,373.04K,2.65%
3/22/2019,59.29,58.55,59.57,58.08,184.21K,1.28%
3/21/2019,58.54,60.35,60.59,57.10,164.95K,-2.87%
3/20/2019,60.27,59.52,60.50,57.16,285.44K,1.24%
3/19/2019,59.53,59.16,59.86,58.39,221.98K,0.61%
3/18/2019,59.17,60.47,62.36,58.23,301.19K,-2.20%
3/17/2019,60.50,61.20,61.30,59.70,174.82K,-1.13%
3/16/2019,61.19,58.47,61.90,58.43,375.26K,4.56%
3/15/2019,58.52,55.95,59.06,55.94,295.33K,4.72%
3/14/2019,55.88,55.27,58.05,54.06,333.62K,1.09%
3/13/2019,55.28,56.62,56.83,54.38,234.17K,-2.33%
3/12/2019,56.60,54.82,56.94,53.80,186.80K,3.25%
3/11/2019,54.82,56.61,57.35,54.09,319.63K,-3.13%
3/10/2019,56.59,57.78,57.98,55.98,199.07K,-2.21%
3/9/2019,57.87,55.55,59.33,55.44,413.60K,4.05%
3/8/2019,55.62,56.82,57.45,54.41,440.34K,-1.96%
3/7/2019,56.73,55.45,58.82,54.10,816.60K,2.51%
3/6/2019,55.34,52.52,56.50,51.37,670.24K,5.33%
3/5/2019,52.54,45.80,54.00,45.39,798.92K,14.67%
3/4/2019,45.82,47.89,48.15,44.80,306.99K,-4.28%
3/3/2019,47.87,48.53,49.02,47.28,218.50K,-1.20%
3/2/2019,48.45,46.99,49.35,46.65,325.70K,2.98%
3/1/2019,47.05,45.66,48.89,45.60,336.01K,3.16%
2/28/2019,45.61,45.19,46.45,44.65,258.56K,1.09%
2/27/2019,45.12,44.73,45.50,42.63,224.05K,0.83%
2/26/2019,44.75,45.40,45.87,44.20,220.24K,-1.43%
2/25/2019,45.40,43.74,46.78,43.63,377.18K,3.96%
2/24/2019,43.67,51.39,53.50,42.49,684.70K,-15.04%
2/23/2019,51.40,49.27,51.85,48.03,411.13K,4.49%
2/22/2019,49.19,48.91,49.77,48.13,265.98K,0.61%
2/21/2019,48.89,51.48,51.59,47.88,384.00K,-5.16%
2/20/2019,51.55,47.17,52.13,46.32,566.66K,9.29%
2/19/2019,47.17,47.82,48.97,46.63,404.79K,-1.40%
2/18/2019,47.84,43.91,48.95,43.71,744.03K,8.90%
2/17/2019,43.93,43.32,44.98,42.63,331.75K,1.36%
2/16/2019,43.34,42.59,44.24,42.29,326.59K,1.78%
2/15/2019,42.58,41.25,44.39,41.21,389.93K,3.17%
2/14/2019,41.27,41.61,42.40,40.63,285.11K,-0.79%
2/13/2019,41.60,43.94,44.61,40.70,334.01K,-5.22%
2/12/2019,43.89,42.90,44.55,41.91,326.57K,2.31%
2/11/2019,42.90,46.84,46.84,41.99,570.41K,-8.16%
2/10/2019,46.71,44.72,47.29,42.28,667.23K,4.54%
2/9/2019,44.68,43.03,46.51,42.10,994.47K,3.47%
2/8/2019,43.18,33.23,44.77,32.82,1.24M,29.94%
2/7/2019,33.23,32.78,33.61,32.75,144.67K,1.28%
2/6/2019,32.81,34.40,34.49,32.33,312.34K,-4.37%
2/5/2019,34.31,34.06,34.53,33.64,214.29K,0.67%
2/4/2019,34.08,33.39,34.49,33.38,206.65K,1.94%
2/3/2019,33.43,34.59,34.87,32.87,348.42K,-3.19%
2/2/2019,34.53,32.59,34.93,32.51,267.64K,5.86%
2/1/2019,32.62,31.44,33.60,30.75,335.87K,4.02%
1/31/2019,31.36,31.68,32.32,31.09,154.36K,-1.01%
1/30/2019,31.68,30.78,31.96,30.51,129.13K,2.72%
1/29/2019,30.84,30.98,31.24,30.00,135.94K,-0.26%
1/28/2019,30.92,32.17,32.52,30.03,268.07K,-4.09%
1/27/2019,32.24,32.78,33.14,31.46,173.52K,-1.71%
1/26/2019,32.80,32.68,33.85,32.59,168.00K,0.34%
1/25/2019,32.69,32.51,32.95,31.90,168.18K,0.65%
1/24/2019,32.48,31.70,33.04,31.04,138.78K,2.46%
1/23/2019,31.70,31.37,32.14,31.24,123.58K,0.92%
1/22/2019,31.41,30.82,31.91,29.58,199.89K,1.91%
1/21/2019,30.82,30.71,31.18,30.39,110.35K,0.75%
1/20/2019,30.59,31.92,33.03,30.26,249.41K,-4.41%
1/19/2019,32.00,30.86,32.86,30.84,165.05K,4.03%
1/18/2019,30.76,31.41,31.47,30.34,150.90K,-2.13%
1/17/2019,31.43,31.39,31.47,29.91,203.23K,0.67%
1/16/2019,31.22,30.71,31.85,30.49,154.02K,1.40%
1/15/2019,30.79,31.71,32.11,30.09,216.74K,-2.84%
1/14/2019,31.69,29.55,32.37,29.44,256.10K,7.13%
1/13/2019,29.58,31.68,32.56,29.27,228.98K,-6.57%
1/12/2019,31.66,31.39,32.09,31.15,178.60K,0.60%
1/11/2019,31.47,32.80,33.20,30.77,351.09K,-4.05%
1/10/2019,32.80,38.16,38.75,31.57,585.04K,-13.96%
1/9/2019,38.12,38.70,39.68,38.02,311.65K,-1.45%
1/8/2019,38.68,37.36,40.61,37.23,522.56K,3.62%
1/7/2019,37.33,38.33,38.98,36.88,446.14K,-2.71%
1/6/2019,38.37,34.33,39.50,33.98,760.21K,11.77%
1/5/2019,34.33,31.81,35.87,31.79,335.59K,8.02%
1/4/2019,31.78,31.41,32.51,30.78,108.64K,1.21%
1/3/2019,31.40,32.68,32.79,30.70,94.14K,-3.92%
1/2/2019,32.68,31.47,33.28,31.18,118.34K,3.78%
1/1/2019,31.49,29.95,31.72,29.57,103.13K,5.39%
12/31/2018,29.88,31.40,31.43,29.45,97.45K,-4.72%
12/30/2018,31.36,30.18,31.66,29.76,151.93K,4.22%
12/29/2018,30.09,31.78,32.76,30.09,221.82K,-5.44%
12/28/2018,31.82,27.55,33.04,27.48,242.14K,15.62%
12/27/2018,27.52,30.30,30.80,27.19,157.81K,-9.14%
12/26/2018,30.29,30.50,31.63,28.88,174.03K,-0.66%
12/25/2018,30.49,32.71,32.73,29.43,249.32K,-6.82%
12/24/2018,32.72,32.98,36.05,32.31,305.30K,-0.76%
12/23/2018,32.97,31.33,33.70,31.10,255.57K,5.17%
12/22/2018,31.35,30.29,31.35,29.72,105.46K,3.50%
12/21/2018,30.29,32.11,32.84,29.61,223.12K,-5.99%
12/20/2018,32.22,28.82,32.67,28.57,347.41K,11.80%
12/19/2018,28.82,29.92,31.46,28.61,464.33K,-3.71%
12/18/2018,29.93,28.97,30.06,27.74,241.35K,3.35%
12/17/2018,28.96,25.54,30.30,25.46,415.67K,13.52%
12/16/2018,25.51,23.58,26.89,23.58,284.63K,8.09%
12/15/2018,23.60,23.31,24.06,23.12,114.36K,1.07%
12/14/2018,23.35,23.08,23.73,22.51,115.44K,1.17%
12/13/2018,23.08,24.13,24.27,22.94,101.35K,-4.39%
12/12/2018,24.14,23.63,24.97,23.44,116.69K,3.16%
12/11/2018,23.40,24.15,24.58,23.00,116.94K,-3.07%
12/10/2018,24.14,25.36,25.80,23.77,159.53K,-4.85%
12/9/2018,25.37,24.29,26.64,24.24,185.50K,4.53%
12/8/2018,24.27,24.89,26.63,22.92,271.96K,-2.69%
12/7/2018,24.94,26.71,26.82,22.35,344.31K,-6.45%
12/6/2018,26.66,29.23,30.49,26.33,185.90K,-8.73%
12/5/2018,29.21,31.15,31.40,29.17,122.46K,-6.17%
12/4/2018,31.13,30.92,32.25,30.03,125.62K,0.65%
12/3/2018,30.93,33.84,33.88,30.13,161.00K,-8.52%
12/2/2018,33.81,34.17,35.11,33.27,126.50K,-1.20%
12/1/2018,34.22,32.14,35.09,31.39,130.68K,6.04%
11/30/2018,32.27,33.99,34.45,31.29,182.29K,-4.75%
11/29/2018,33.88,34.74,35.75,33.21,206.43K,-2.42%
11/28/2018,34.72,31.66,36.39,31.45,261.97K,9.87%
11/27/2018,31.60,30.14,32.09,29.19,194.02K,4.71%
11/26/2018,30.18,31.51,32.77,28.80,346.18K,-4.28%
11/25/2018,31.53,29.72,32.79,27.76,330.61K,5.84%
11/24/2018,29.79,32.74,34.04,29.13,175.09K,-9.07%
11/23/2018,32.76,32.04,33.70,31.10,178.32K,2.34%
11/22/2018,32.01,35.17,35.68,31.90,140.51K,-8.91%
11/21/2018,35.14,33.75,35.28,32.24,307.72K,3.38%
11/20/2018,33.99,37.15,38.77,31.62,481.87K,-8.48%
11/19/2018,37.14,42.61,42.61,36.01,266.58K,-12.80%
11/18/2018,42.59,42.44,43.72,42.26,69.68K,0.38%
11/17/2018,42.43,42.89,42.93,41.93,64.97K,-1.03%
11/16/2018,42.87,44.69,44.95,42.38,126.95K,-4.27%
11/15/2018,44.78,45.18,45.55,41.14,239.17K,-0.56%
11/14/2018,45.03,50.38,51.02,42.40,307.92K,-10.71%
11/13/2018,50.43,51.26,51.66,49.67,63.96K,-1.62%
11/12/2018,51.26,51.51,51.98,50.59,60.99K,-0.43%
11/11/2018,51.48,52.45,52.57,49.90,66.44K,-1.91%
11/10/2018,52.48,52.28,53.00,51.97,38.00K,0.44%
11/9/2018,52.25,52.72,53.13,51.71,54.77K,-0.89%
11/8/2018,52.72,54.50,55.12,52.49,71.80K,-3.21%
11/7/2018,54.47,56.47,56.81,53.52,96.75K,-3.40%
11/6/2018,56.39,53.94,56.53,53.90,82.68K,4.60%
11/5/2018,53.91,54.65,55.15,53.12,71.43K,-1.25%
11/4/2018,54.59,51.09,56.29,50.77,131.55K,6.96%
11/3/2018,51.04,51.76,51.80,50.64,44.54K,-1.41%
11/2/2018,51.77,50.63,52.20,50.60,55.57K,2.31%
11/1/2018,50.60,49.93,50.79,49.79,40.62K,1.30%
10/31/2018,49.95,49.34,50.62,48.04,59.05K,1.24%
10/30/2018,49.34,49.21,49.90,49.06,41.86K,0.26%
10/29/2018,49.21,52.07,52.26,48.25,93.07K,-5.49%
10/28/2018,52.07,52.27,52.50,51.70,35.25K,-0.40%
10/27/2018,52.28,52.60,52.90,51.86,39.71K,-0.76%
10/26/2018,52.68,52.80,53.50,52.23,49.68K,-0.30%
10/25/2018,52.84,53.14,53.24,52.68,43.20K,-0.51%
10/24/2018,53.11,53.33,53.87,53.00,50.27K,-0.41%
10/23/2018,53.33,53.09,53.97,52.55,56.50K,0.40%
10/22/2018,53.12,53.64,54.16,52.78,113.10K,-1.02%
10/21/2018,53.67,54.28,54.86,53.47,139.85K,-1.21%
10/20/2018,54.33,53.69,54.50,53.30,134.25K,1.21%
10/19/2018,53.68,53.54,54.70,53.33,131.20K,0.28%
10/18/2018,53.53,55.29,55.76,53.01,163.74K,-3.15%
10/17/2018,55.27,55.57,55.68,54.45,189.51K,-0.49%
10/16/2018,55.54,56.10,57.16,54.73,178.73K,-1.09%
10/15/2018,56.15,52.52,61.65,52.20,381.03K,6.73%
10/14/2018,52.61,54.05,54.40,52.25,173.24K,-2.66%
10/13/2018,54.05,53.68,54.88,53.36,162.39K,0.61%
10/12/2018,53.72,51.39,54.17,50.87,204.70K,4.80%
10/11/2018,51.26,58.48,58.51,50.67,269.81K,-12.26%
10/10/2018,58.42,59.03,59.18,57.37,156.13K,-1.02%
10/9/2018,59.02,59.67,59.83,58.51,156.79K,-1.07%
10/8/2018,59.66,58.39,60.22,57.69,178.15K,2.26%
10/7/2018,58.34,58.04,58.63,57.01,137.74K,0.66%
10/6/2018,57.96,58.95,59.15,57.03,146.53K,-1.63%
10/5/2018,58.92,58.44,59.73,57.67,152.01K,0.79%
10/4/2018,58.46,57.60,59.39,57.43,164.26K,1.65%
10/3/2018,57.51,59.44,59.61,56.72,199.29K,-3.30%
10/2/2018,59.47,60.45,61.75,59.28,190.16K,-1.62%
10/1/2018,60.45,61.26,62.02,59.51,189.16K,-1.26%
9/30/2018,61.22,61.61,62.91,59.98,224.87K,-0.65%
9/29/2018,61.62,61.85,62.34,59.08,206.26K,-0.48%
9/28/2018,61.92,63.26,65.00,60.34,306.10K,-2.16%
9/27/2018,63.29,57.23,65.60,56.58,495.96K,10.63%
9/26/2018,57.21,57.66,59.84,56.46,226.16K,-0.61%
9/25/2018,57.56,58.07,58.07,54.36,279.82K,-0.83%
9/24/2018,58.04,61.39,61.48,57.05,231.62K,-5.44%
9/23/2018,61.38,60.58,63.74,59.88,244.81K,1.27%
9/22/2018,60.61,60.96,61.88,58.01,211.09K,-0.46%
9/21/2018,60.89,56.58,62.62,56.36,323.49K,7.69%
9/20/2018,56.54,54.34,57.31,53.37,193.49K,4.11%
9/19/2018,54.31,53.98,54.98,51.78,228.82K,0.69%
9/18/2018,53.94,52.13,55.47,50.51,224.75K,3.53%
9/17/2018,52.10,56.75,57.81,51.45,256.50K,-8.18%
9/16/2018,56.74,56.22,57.49,54.59,193.74K,0.35%
9/15/2018,56.54,56.21,58.70,55.68,235.66K,0.48%
9/14/2018,56.27,54.50,58.90,52.88,278.98K,3.32%
9/13/2018,54.46,51.70,55.31,51.70,232.89K,5.42%
9/12/2018,51.66,52.04,52.07,47.28,276.37K,-0.73%
9/11/2018,52.04,54.42,54.67,50.05,239.86K,-4.29%
9/10/2018,54.37,54.79,56.36,53.06,226.88K,-0.60%
9/9/2018,54.70,53.07,56.68,52.22,208.79K,3.07%
9/8/2018,53.07,55.61,57.21,52.01,187.64K,-4.43%
9/7/2018,55.53,57.71,58.53,55.08,193.98K,-3.61%
9/6/2018,57.61,57.68,57.89,54.13,251.60K,-0.17%
9/5/2018,57.71,67.57,68.27,57.66,331.27K,-14.68%
9/4/2018,67.64,65.37,69.43,65.37,220.73K,3.36%
9/3/2018,65.44,66.21,66.50,64.29,162.19K,-1.21%
9/2/2018,66.24,66.39,67.30,64.17,180.42K,-0.38%
9/1/2018,66.49,62.00,67.88,62.00,210.29K,7.05%
8/31/2018,62.11,60.24,62.69,59.56,176.39K,3.28%
8/30/2018,60.14,61.41,61.65,58.58,179.62K,-2.07%
8/29/2018,61.41,63.08,63.34,60.24,185.48K,-2.72%
8/28/2018,63.13,60.61,63.74,59.65,214.11K,4.16%
8/27/2018,60.61,57.00,61.03,56.56,173.57K,6.33%
8/26/2018,57.00,57.82,58.06,55.79,148.98K,-1.54%
8/25/2018,57.89,57.81,58.31,56.99,141.23K,0.16%
8/24/2018,57.80,57.27,58.25,55.53,162.86K,0.89%
8/23/2018,57.29,55.15,57.77,54.87,168.25K,3.92%
8/22/2018,55.13,56.43,59.22,53.92,243.03K,-2.32%
8/21/2018,56.44,53.32,56.79,53.27,176.18K,5.63%
8/20/2018,53.43,57.67,58.50,53.19,220.30K,-7.35%
8/19/2018,57.67,57.15,58.95,56.16,183.25K,1.10%
8/18/2018,57.04,61.75,62.27,55.16,205.94K,-7.60%
8/17/2018,61.73,55.44,61.73,55.00,229.87K,11.65%
8/16/2018,55.29,54.32,57.53,54.14,153.68K,1.79%
8/15/2018,54.32,54.20,59.13,53.92,232.56K,0.02%
8/14/2018,54.31,56.50,56.50,49.34,230.74K,-3.88%
8/13/2018,56.50,59.20,60.59,55.73,192.37K,-4.77%
8/12/2018,59.33,57.76,61.32,57.30,173.54K,2.84%
8/11/2018,57.69,59.05,59.79,55.05,195.51K,-2.24%
8/10/2018,59.01,62.89,63.10,58.36,181.29K,-6.17%
8/9/2018,62.89,62.21,64.90,60.14,179.19K,1.27%
8/8/2018,62.10,67.36,67.49,60.82,185.72K,-7.86%
8/7/2018,67.40,73.62,75.17,66.88,164.04K,-8.56%
8/6/2018,73.71,74.61,76.70,72.38,137.61K,-1.33%
8/5/2018,74.70,73.03,74.70,72.35,133.94K,2.24%
8/4/2018,73.06,77.69,78.10,72.12,148.94K,-5.92%
8/3/2018,77.66,76.17,77.84,74.85,141.56K,2.05%
8/2/2018,76.10,77.53,78.46,75.47,134.44K,-1.84%
8/1/2018,77.53,78.89,78.97,75.90,139.79K,-1.60%
7/31/2018,78.79,82.24,82.62,76.18,157.80K,-4.13%
7/30/2018,82.18,83.87,84.56,79.82,146.95K,-1.99%
7/29/2018,83.85,84.08,85.34,83.27,119.61K,-0.36%
7/28/2018,84.15,84.41,84.70,82.34,124.84K,-0.28%
7/27/2018,84.39,83.34,85.12,81.45,158.76K,1.22%
7/26/2018,83.37,86.38,87.89,82.83,151.80K,-3.54%
7/25/2018,86.43,89.00,90.58,84.81,164.33K,-3.24%
7/24/2018,89.32,81.42,89.70,80.87,207.78K,9.76%
7/23/2018,81.38,82.26,85.79,81.10,143.67K,-1.00%
7/22/2018,82.20,83.43,84.15,81.81,137.45K,-1.49%
7/21/2018,83.44,81.80,84.85,79.53,134.16K,1.92%
7/20/2018,81.87,86.02,86.43,81.00,172.07K,-4.89%
7/19/2018,86.08,86.23,88.94,84.82,154.28K,-0.14%
7/18/2018,86.20,88.89,94.39,84.90,207.46K,-3.15%
7/17/2018,89.00,83.43,90.00,81.44,204.71K,6.21%
7/16/2018,83.80,78.54,84.00,77.63,182.90K,6.71%
7/15/2018,78.53,76.21,79.49,75.12,150.04K,3.08%
7/14/2018,76.18,76.43,77.41,75.43,142.80K,-0.44%
7/13/2018,76.52,76.76,78.54,74.97,168.02K,-0.17%
7/12/2018,76.65,78.18,78.23,74.30,181.67K,-1.96%
7/11/2018,78.18,75.73,80.89,75.38,192.10K,3.09%
7/10/2018,75.84,80.52,80.52,74.25,211.70K,-5.27%
7/9/2018,80.06,82.30,83.07,79.90,164.77K,-2.64%
7/8/2018,82.23,84.94,85.61,81.85,151.24K,-3.14%
7/7/2018,84.90,82.97,85.34,79.50,161.47K,2.13%
7/6/2018,83.13,83.33,84.23,80.71,156.25K,-0.20%
7/5/2018,83.30,85.19,86.60,82.00,170.55K,-2.32%
7/4/2018,85.28,84.87,88.79,84.03,119.26K,0.40%
7/3/2018,84.94,85.48,89.96,84.10,192.49K,-0.49%
7/2/2018,85.36,80.11,86.85,78.33,171.04K,6.77%
7/1/2018,79.95,81.34,81.68,77.73,145.34K,-1.65%
6/30/2018,81.29,78.91,84.00,78.84,170.40K,3.16%
6/29/2018,78.80,74.08,80.50,72.52,182.18K,6.03%
6/28/2018,74.32,80.60,81.36,74.03,179.98K,-7.79%
6/27/2018,80.60,75.62,81.75,74.93,139.09K,6.53%
6/26/2018,75.66,81.48,81.99,75.25,118.13K,-7.14%
6/25/2018,81.48,80.49,84.17,78.55,164.74K,1.29%
6/24/2018,80.44,82.73,83.63,73.30,250.33K,-2.79%
6/23/2018,82.75,84.79,86.59,81.45,165.92K,-2.23%
6/22/2018,84.64,96.71,96.84,80.09,232.08K,-12.48%
6/21/2018,96.71,97.80,99.13,96.00,137.62K,-1.06%
6/20/2018,97.75,98.62,98.94,95.27,141.92K,-0.95%
6/19/2018,98.69,98.71,101.31,96.99,130.08K,-0.02%
6/18/2018,98.71,94.95,99.80,93.07,161.77K,4.00%
6/17/2018,94.91,96.69,98.17,94.63,119.79K,-1.75%
6/16/2018,96.60,95.50,97.58,92.79,130.01K,1.19%
6/15/2018,95.46,100.88,100.97,94.60,155.91K,-5.17%
6/14/2018,100.66,93.57,102.74,92.43,177.85K,7.81%
6/13/2018,93.37,99.68,100.36,89.28,168.11K,-6.37%
6/12/2018,99.72,107.20,107.80,97.51,73.51K,-6.89%
6/11/2018,107.10,106.50,108.40,102.70,56.78K,0.40%
6/10/2018,106.67,117.40,117.40,102.77,88.68K,-9.03%
6/9/2018,117.26,119.73,120.93,116.89,17.06K,-2.02%
6/8/2018,119.68,121.54,122.14,118.07,28.98K,-1.53%
6/7/2018,121.54,121.40,123.55,119.55,39.58K,-0.08%
6/6/2018,121.64,122.18,122.94,118.10,36.82K,-0.31%
6/5/2018,122.02,119.77,122.42,115.80,48.88K,1.78%
6/4/2018,119.89,125.46,126.80,118.26,60.26K,-4.13%
6/3/2018,125.06,123.40,127.85,122.26,52.82K,1.31%
6/2/2018,123.44,120.19,124.30,118.78,45.10K,2.70%
6/1/2018,120.19,118.15,120.39,117.10,51.58K,1.64%
5/31/2018,118.25,117.20,121.00,116.04,55.83K,0.91%
5/30/2018,117.18,119.50,122.73,115.03,47.54K,-1.76%
5/29/2018,119.28,110.56,122.65,109.66,70.84K,7.63%
5/28/2018,110.82,117.76,118.93,110.19,75.14K,-5.86%
5/27/2018,117.72,118.24,118.79,116.60,119.63K,-0.43%
5/26/2018,118.23,118.90,122.16,117.37,121.14K,-0.46%
5/25/2018,118.78,122.87,124.25,116.84,98.13K,-3.12%
5/24/2018,122.60,118.37,124.85,114.85,79.22K,3.73%
5/23/2018,118.19,127.90,129.35,116.19,107.06K,-7.62%
5/22/2018,127.94,134.10,136.00,127.38,41.74K,-4.71%
5/21/2018,134.26,139.81,140.13,133.44,43.51K,-3.85%
5/20/2018,139.64,134.88,140.99,132.81,47.13K,3.48%
5/19/2018,134.95,135.99,137.66,132.60,37.73K,-0.74%
5/18/2018,135.95,132.31,137.47,128.64,66.59K,2.98%
5/17/2018,132.02,139.24,141.28,131.19,58.20K,-5.16%
5/16/2018,139.20,139.11,140.77,134.18,70.84K,-0.05%
5/15/2018,139.27,147.41,149.64,137.00,105.11K,-5.53%
5/14/2018,147.42,144.24,152.73,134.32,171.49K,2.20%
5/13/2018,144.24,141.43,146.89,136.50,89.50K,2.04%
5/12/2018,141.36,136.46,144.40,130.40,92.03K,4.02%
5/11/2018,135.90,147.70,148.50,133.30,147.35K,-8.27%
5/10/2018,148.16,156.76,160.86,147.50,87.02K,-5.69%
5/9/2018,157.10,158.87,160.15,150.90,96.83K,-1.13%
5/8/2018,158.89,164.46,168.43,157.38,113.37K,-3.30%
5/7/2018,164.31,172.29,172.81,157.57,170.52K,-4.59%
5/6/2018,172.22,179.04,184.66,165.27,198.21K,-3.81%
5/5/2018,179.04,169.42,184.60,168.15,227.08K,5.67%
5/4/2018,169.44,161.29,171.93,157.56,175.17K,5.14%
5/3/2018,161.15,151.96,165.00,150.64,190.72K,6.31%
5/2/2018,151.58,148.08,153.75,146.22,76.54K,2.24%
5/1/2018,148.26,148.36,148.85,142.70,88.37K,-0.09%
4/30/2018,148.40,153.34,154.85,147.27,92.45K,-3.32%
4/29/2018,153.50,152.00,156.57,148.02,93.44K,0.89%
4/28/2018,152.14,145.30,153.67,144.50,80.67K,4.49%
4/27/2018,145.60,153.36,153.80,144.83,95.19K,-5.45%
4/26/2018,154.00,144.85,154.58,142.15,98.40K,6.39%
4/25/2018,144.75,164.23,164.60,141.90,192.76K,-11.86%
4/24/2018,164.23,152.50,166.21,152.50,172.71K,7.46%
4/23/2018,152.83,146.18,153.47,146.00,73.89K,4.41%
4/22/2018,146.38,148.48,153.00,144.29,84.29K,-1.37%
4/21/2018,148.41,155.42,156.85,140.22,150.93K,-4.69%
4/20/2018,155.71,146.69,156.39,142.67,139.10K,6.19%
4/19/2018,146.64,140.36,147.48,138.52,97.45K,4.47%
4/18/2018,140.36,132.17,141.39,131.60,101.16K,6.34%
4/17/2018,131.99,128.95,140.50,128.75,165.57K,2.35%
4/16/2018,128.96,132.15,133.49,124.88,86.55K,-2.63%
4/15/2018,132.45,126.65,132.88,126.65,61.11K,4.75%
4/14/2018,126.44,125.00,129.71,124.26,77.11K,0.90%
4/13/2018,125.31,129.75,133.63,123.85,187.84K,-3.32%
4/12/2018,129.61,118.46,130.75,113.00,232.19K,9.51%
4/11/2018,118.35,114.25,119.57,112.98,62.64K,3.59%
4/10/2018,114.25,114.78,115.19,111.49,54.50K,-0.47%
4/9/2018,114.79,117.55,122.96,112.52,98.64K,-2.57%
4/8/2018,117.82,115.90,118.43,115.38,42.58K,1.68%
4/7/2018,115.87,112.79,119.72,112.19,73.13K,2.73%
4/6/2018,112.79,118.26,120.06,111.75,83.18K,-4.74%
4/5/2018,118.40,118.07,122.14,113.74,125.57K,0.32%
4/4/2018,118.02,134.04,134.58,115.40,168.99K,-11.93%
4/3/2018,134.00,119.05,136.80,118.00,139.42K,12.56%
4/2/2018,119.05,115.06,121.48,113.84,91.03K,3.76%
4/1/2018,114.74,116.19,118.00,109.26,113.21K,-1.13%
3/31/2018,116.05,118.35,124.06,115.42,128.25K,-1.76%
3/30/2018,118.13,114.52,126.05,109.81,252.09K,2.99%
3/29/2018,114.70,131.22,132.47,112.72,187.40K,-12.59%
3/28/2018,131.22,135.00,139.61,130.21,83.93K,-2.62%
3/27/2018,134.75,148.16,149.34,134.75,103.47K,-8.85%
3/26/2018,147.83,160.11,161.00,141.70,99.51K,-7.61%
3/25/2018,160.01,158.85,162.89,156.95,46.21K,0.83%
3/24/2018,158.70,168.89,169.51,158.20,73.85K,-5.89%
3/23/2018,168.64,163.65,169.07,156.30,80.72K,3.05%
3/22/2018,163.65,168.32,172.50,159.55,100.60K,-3.00%
3/21/2018,168.71,168.69,175.38,165.33,110.90K,0.28%
3/20/2018,168.24,161.23,173.50,155.55,125.78K,4.29%
3/19/2018,161.32,154.41,163.73,150.99,171.88K,5.09%
3/18/2018,153.50,151.62,157.05,137.20,241.69K,1.12%
3/17/2018,151.80,164.01,165.81,150.20,104.93K,-7.89%
3/16/2018,164.81,164.00,171.48,157.57,113.61K,0.41%
3/15/2018,164.13,160.00,167.48,149.87,207.48K,2.49%
3/14/2018,160.15,175.03,177.44,156.56,151.27K,-8.49%
3/13/2018,175.01,177.64,181.63,170.90,115.97K,-1.46%
3/12/2018,177.60,188.16,192.88,174.18,142.83K,-5.57%
3/11/2018,188.07,176.74,193.49,170.24,197.84K,6.57%
3/10/2018,176.48,185.79,194.83,174.56,186.91K,-5.16%
3/9/2018,186.08,175.00,189.96,158.26,308.75K,6.19%
3/8/2018,175.24,185.01,187.39,173.77,160.82K,-5.51%
3/7/2018,185.46,196.24,199.22,173.45,228.79K,-5.21%
3/6/2018,195.66,210.43,210.43,191.50,130.10K,-7.05%
3/5/2018,210.49,213.50,216.84,208.73,71.66K,-1.27%
3/4/2018,213.19,210.04,215.21,204.54,67.08K,1.50%
3/3/2018,210.04,212.95,218.29,208.43,120.13K,-1.30%
3/2/2018,212.80,209.17,214.30,203.81,89.82K,1.70%
3/1/2018,209.25,201.86,214.89,200.20,121.49K,3.66%
2/28/2018,201.87,214.95,223.35,201.51,185.68K,-5.78%
2/27/2018,214.25,218.19,224.00,212.26,248.86K,-1.82%
2/26/2018,218.22,218.57,231.95,214.63,409.22K,0.33%
2/25/2018,217.50,206.51,222.93,199.00,314.00K,5.33%
2/24/2018,206.50,206.14,218.76,193.62,326.48K,0.00%
2/23/2018,206.50,192.57,216.18,182.00,427.03K,7.21%
2/22/2018,192.61,209.35,221.94,188.32,396.51K,-8.11%
2/21/2018,209.60,228.49,232.70,203.71,493.44K,-8.07%
2/20/2018,228.00,221.49,253.65,221.11,533.62K,2.96%
2/19/2018,221.44,213.25,226.25,211.48,171.72K,3.77%
2/18/2018,213.39,228.10,231.30,210.10,302.22K,-6.41%
2/17/2018,228.01,228.08,232.00,222.99,190.07K,0.02%
2/16/2018,227.97,220.64,235.28,208.77,407.98K,3.01%
2/15/2018,221.30,212.00,236.48,206.99,676.35K,4.39%
2/14/2018,212.00,159.45,218.07,159.44,734.01K,32.85%
2/13/2018,159.58,161.62,162.93,152.03,76.55K,-1.22%
2/12/2018,161.55,148.22,163.48,148.22,92.54K,8.93%
2/11/2018,148.31,154.62,155.99,139.57,90.62K,-4.11%
2/10/2018,154.66,163.75,168.83,147.09,133.13K,-5.54%
2/9/2018,163.73,152.07,164.37,151.62,65.18K,15.00%
2/8/2018,142.37,137.21,143.35,137.21,177.62K,3.18%
2/7/2018,137.98,140.70,156.78,130.23,178.65K,-2.16%
2/6/2018,141.03,125.03,146.40,106.65,393.07K,12.82%
2/5/2018,125.00,147.29,153.89,117.19,299.98K,-15.21%
2/4/2018,147.43,160.29,174.56,138.61,300.10K,-8.18%
2/3/2018,160.56,131.68,166.77,121.03,143.21K,21.58%
2/2/2018,132.06,143.69,144.22,108.71,124.20K,-8.16%
2/1/2018,143.80,164.83,167.20,132.70,64.83K,-12.75%
1/31/2018,164.81,168.21,169.31,157.50,37.22K,-1.90%
1/30/2018,168.01,181.50,181.96,161.82,56.60K,-7.44%
1/29/2018,181.51,196.74,197.19,180.01,36.90K,-8.04%
1/28/2018,197.39,182.11,197.93,181.70,47.27K,8.12%
1/27/2018,182.56,176.96,184.00,173.17,31.42K,3.09%
1/26/2018,177.09,179.59,183.00,165.08,49.47K,-1.41%
1/25/2018,179.63,180.58,186.00,175.98,39.83K,-0.62%
1/24/2018,180.75,177.34,185.00,171.58,43.30K,2.09%
1/23/2018,177.05,176.60,186.41,163.66,49.51K,-0.53%
1/22/2018,178.00,190.60,195.00,163.48,60.38K,-6.32%
1/21/2018,190.00,210.40,210.40,180.88,64.82K,-9.72%
1/20/2018,210.45,191.44,214.98,190.67,59.16K,9.94%
1/19/2018,191.42,186.14,199.00,177.01,59.37K,2.32%
1/18/2018,187.08,184.00,202.16,170.82,98.41K,1.98%
1/17/2018,183.45,179.28,197.97,137.05,155.62K,2.24%
1/16/2018,179.43,229.50,242.00,135.67,149.93K,-21.82%
1/15/2018,229.50,234.12,242.31,228.78,35.76K,-1.97%
1/14/2018,234.12,257.71,270.36,223.73,62.20K,-9.08%
1/13/2018,257.50,233.93,262.14,233.31,42.80K,10.65%
1/12/2018,232.72,223.77,240.40,216.86,45.88K,3.66%
1/11/2018,224.51,248.50,252.16,203.02,83.67K,-9.17%
1/10/2018,247.17,245.15,248.05,225.20,70.85K,1.33%
1/9/2018,243.92,250.80,256.67,235.47,54.00K,-3.39%
1/8/2018,252.49,268.50,270.71,218.25,76.29K,-6.24%
1/7/2018,269.30,274.85,285.45,262.91,43.79K,-2.08%
1/6/2018,275.02,239.86,312.30,238.76,100.82K,14.42%
1/5/2018,240.36,232.57,250.10,230.39,64.99K,3.10%
1/4/2018,233.13,238.06,238.88,220.54,78.17K,-1.86%
1/3/2018,237.54,247.75,253.11,234.30,71.39K,-3.96%
1/2/2018,247.33,222.62,256.00,222.62,63.35K,11.06%
1/1/2018,222.70,222.98,230.48,213.50,20.17K,-34.21%
12/19/2017,338.48,352.00,366.96,303.01,22.95K,-3.84%
12/18/2017,352.00,311.40,360.96,277.00,17.04K,13.04%
12/17/2017,311.40,293.97,328.80,290.00,14.41K,5.93%
12/16/2017,293.97,294.00,305.00,285.00,8.90K,-0.01%
12/15/2017,294.00,272.40,314.21,239.99,16.24K,7.93%
